Technology,Cost,2020,2021,2022,2023,2024,2025,2026,2027,2028,2029,2030,2031,2032,2033,2034,2035,2036,2037,2038,2039,2040,2041,2042,2043,2044,2045,2046,2047,2048,2049,2050
Li-ion battery,Low,2100.778231,2100.778231,2100.778231,2080.296182,1735.514327,1390.744441,1336.112158,1281.480637,1226.847794,1172.214566,1117.599366,1099.821595,1082.043825,1064.248547,1046.470793,1028.711749,1010.916384,993.1386525,975.3609223,957.5831934,939.7876127,922.0098993,904.251291,886.473598,868.6779085,850.900233,833.1225618,815.3448951,797.5488943,779.7712411,762.0132983
Li-ion battery,Mid,2100.778231,2100.778231,2100.778231,2080.296182,1938.20367,1711.402977,1659.394139,1607.381486,1555.364557,1503.342813,1451.315621,1430.530431,1409.745888,1388.962018,1368.178848,1347.396404,1326.614717,1305.833818,1285.053739,1264.274516,1243.496185,1222.718784,1201.942355,1181.166942,1160.392589,1139.619347,1118.847268,1098.076406,1077.306821,1056.538576,1035.771737
Li-ion battery,High,2100.778231,2100.778231,2100.778231,2080.296182,2189.537982,2159.942734,2082.934892,2005.928063,1928.922354,1851.917888,1774.914807,1763.472048,1752.029289,1740.586531,1729.143772,1717.701013,1706.258255,1694.815496,1683.372737,1671.929978,1660.48722,1649.044461,1637.601702,1626.158944,1614.716185,1603.273426,1591.830667,1580.387909,1568.94515,1557.502391,1546.059633
Electrolysis,Low,1200.0,1176.0,1152.0,1129.0,1107.0,1085.0,1063.0,1042.0,1021.0,1000.0,980.0,961.0,942.0,923.0,904.0,886.0,869.0,851.0,834.0,817.0,801.0,785.0,769.0,754.0,739.0,724.0,710.0,695.0,682.0,668.0,655.0
Electrolysis,Mid,1200.0,1176.0,1152.0,1129.0,1107.0,1085.0,1063.0,1042.0,1021.0,1000.0,980.0,961.0,942.0,923.0,904.0,886.0,869.0,851.0,834.0,817.0,801.0,785.0,769.0,754.0,739.0,724.0,710.0,695.0,682.0,668.0,655.0
Electrolysis,High,1200.0,1176.0,1152.0,1129.0,1107.0,1085.0,1063.0,1042.0,1021.0,1000.0,980.0,961.0,942.0,923.0,904.0,886.0,869.0,851.0,834.0,817.0,801.0,785.0,769.0,754.0,739.0,724.0,710.0,695.0,682.0,668.0,655.0
Coal,Low,4078.562869,4078.562869,4078.562869,4067.196463,4055.830058,4044.463652,4033.097246,4021.730841,4010.364435,3998.998029,3987.631624,3976.265218,3964.898812,3942.166001,3930.799595,3930.799595,3892.129107,3853.458618,3814.788129,3775.994092,3737.323603,3698.653114,3659.982626,3621.312137,3582.5181,3543.847611,3505.177122,3466.506633,3427.836145,3389.042108,3350.371619
Coal,Mid,4078.562869,4078.562869,4078.562869,4056.941989,4035.321108,4013.700228,3992.079348,3970.458467,3948.837587,3927.216707,3905.595826,3883.974946,3862.354066,3819.112305,3797.491425,3797.491425,3762.280277,3726.945581,3691.734433,3656.399737,3621.065041,3585.853893,3550.519197,3515.308049,3479.973353,3444.638657,3409.427509,3374.092813,3338.881665,3303.54697,3268.335822
Coal,High,4078.562869,4078.562869,4078.562869,4046.687514,4014.812159,3982.936804,3951.061449,3919.186094,3887.310739,3855.435384,3823.560029,3791.808222,3759.932867,3696.182157,3664.306802,3664.306802,3632.431447,3600.556092,3568.680737,3536.805382,3504.930026,3473.054671,3441.179316,3409.303961,3377.428606,3345.553251,3313.677896,3281.802541,3249.927186,3218.051831,3186.176476
Nuclear,Low,6471.337281,6471.337281,6471.337281,6471.337281,6471.337281,6471.337281,6471.337281,6471.337281,6471.337281,6471.337281,6471.337281,6168.938342,5866.539404,5564.140466,5261.741527,4959.342589,4717.423438,4475.504288,4233.585137,3991.665986,3749.746835,3628.78726,3507.827685,3386.868109,3265.908534,3144.948959,3084.469171,3023.989383,2963.509596,2903.029808,2842.55002
Nuclear,Mid,7616.35897,7616.35897,7616.35897,7616.35897,7616.35897,7616.35897,7616.35897,7616.35897,7616.35897,7616.35897,7616.35897,7551.261885,7486.1648,7421.067714,7355.970629,7290.873544,7095.582288,6900.291033,6704.999777,6509.708521,6314.417266,6184.223095,6054.028925,5923.834754,5793.640584,5663.446414,5533.252243,5403.058073,5272.863902,5142.669732,5012.475561
Nuclear,High,11836.11769,11836.11769,11836.11769,11836.11769,11836.11769,11836.11769,11836.11769,11836.11769,11836.11769,11836.11769,11836.11769,11836.11769,11836.11769,11836.11769,11836.11769,11836.11769,11760.72841,11685.33912,11609.94984,11534.56055,11459.17127,11233.00341,11006.83556,10780.6677,10554.49985,10328.332,10102.16414,9875.996289,9649.828435,9423.660581,9197.492727
Solar Thermal,Low,7912.019603,7912.019603,7912.019603,7443.663803,6975.308003,6506.952202,6038.596402,5570.240602,5101.884802,4633.529001,4165.173201,4114.436607,4063.700014,4012.96342,3962.226826,3911.490232,3860.753638,3810.017045,3759.280451,3708.543857,3657.807263,3607.070669,3556.334076,3505.597482,3454.860888,3404.124294,3353.3877,3302.651107,3251.914513,3201.177919,3150.441325
Solar Thermal,Mid,7912.019603,7912.019603,7912.019603,7570.505287,7228.990972,6887.476656,6545.96234,6204.448024,5862.933709,5521.419393,5179.905077,5143.664653,5107.424229,5071.183805,5034.943381,4998.702957,4962.462532,4926.222108,4889.981684,4853.74126,4817.500836,4781.260412,4745.019988,4708.779563,4672.539139,4636.298715,4600.058291,4563.817867,4527.577443,4491.337019,4455.096594
Solar Thermal,High,7912.019603,7912.019603,7912.019603,7912.019603,7912.019603,7912.019603,7912.019603,7912.019603,7912.019603,7912.019603,7912.019603,7912.019603,7912.019603,7912.019603,7912.019603,7912.019603,7912.019603,7912.019603,7912.019603,7912.019603,7912.019603,7912.019603,7912.019603,7912.019603,7912.019603,7912.019603,7912.019603,7912.019603,7912.019603,7912.019603,7912.019603
Solar PV,Low,1482.68328,1482.68328,1482.68328,1610.904664,1533.570639,1456.236613,1378.902587,1301.568562,1224.234536,1146.90051,1069.566484,992.2324586,914.8984329,837.5644072,760.2303814,682.8963557,674.8745153,666.8526749,658.8308345,650.8089941,642.7871537,634.7653133,626.7434729,618.7216325,610.6997921,602.6779517,594.6561113,586.6342709,578.6124305,570.5905901,562.5687497
Solar PV,Mid,1482.68328,1482.68328,1482.68328,1610.904664,1551.272704,1491.640744,1432.008784,1372.376824,1312.744864,1253.112904,1193.480944,1133.848984,1074.217024,1014.585064,954.9531037,895.3211436,881.1594911,866.9978386,852.836186,838.6745335,824.512881,810.3512284,796.1895759,782.0279234,767.8662709,753.7046183,739.5429658,725.3813133,711.2196607,697.0580082,682.8963557
Solar PV,High,1482.68328,1482.68328,1482.68328,1610.904664,1575.766533,1540.628402,1505.490271,1470.35214,1435.214009,1400.075877,1364.937746,1329.799615,1294.661484,1259.523353,1224.385221,1189.24709,1169.652027,1150.056964,1130.461901,1110.866838,1091.271775,1071.676712,1052.081649,1032.486585,1012.891522,993.2964592,973.7013961,954.106333,934.5112698,914.9162067,895.3211436
Res Solar PV,Low,3182.995731,3182.995731,3182.995731,2682.184627,2559.342027,2436.499427,2313.656826,2190.814226,2067.971626,1945.129026,1822.286425,1699.443825,1576.601225,1453.758624,1330.916024,1208.073424,1190.354448,1172.635472,1154.916496,1137.19752,1119.478544,1101.759569,1084.040593,1066.321617,1048.602641,1030.883665,1013.164689,995.4457133,977.7267374,960.0077615,942.2887856
Res Solar PV,Mid,3182.995731,3182.995731,3182.995731,2682.184627,2600.57634,2518.968052,2437.359764,2355.751477,2274.143189,2192.534901,2110.926614,2029.318326,1947.710038,1866.10175,1784.493463,1702.885175,1669.897725,1636.910275,1603.922825,1570.935375,1537.947925,1504.960475,1471.973025,1438.985574,1405.998124,1373.010674,1340.023224,1307.035774,1274.048324,1241.060874,1208.073424
Res Solar PV,High,3182.995731,3182.995731,3182.995731,2682.184627,2659.211492,2636.238356,2613.265221,2590.292086,2567.31895,2544.345815,2521.372679,2498.399544,2475.426409,2452.453273,2429.480138,2406.507002,2359.598881,2312.690759,2265.782637,2218.874515,2171.966393,2125.058271,2078.15015,2031.242028,1984.333906,1937.425784,1890.517662,1843.609541,1796.701419,1749.793297,1702.885175
Comm Solar PV,Low,2058.295441,2058.295441,2058.295441,1845.22786,1768.893224,1692.558589,1616.223953,1539.889318,1463.554682,1387.220047,1310.885412,1234.550776,1158.216141,1081.881505,1005.54687,929.2122344,918.8578363,908.5034383,898.1490403,887.7946422,877.4402442,867.0858461,856.7314481,846.3770501,836.022652,825.668254,815.3138559,804.9594579,794.6050599,784.2506618,773.8962638
Comm Solar PV,Mid,2058.295441,2058.295441,2058.295441,1845.22786,1794.738827,1744.249795,1693.760762,1643.27173,1592.782697,1542.293665,1491.804632,1441.3156,1390.826567,1340.337535,1289.848502,1239.35947,1218.682987,1198.006505,1177.330023,1156.65354,1135.977058,1115.300576,1094.624093,1073.947611,1053.271129,1032.594646,1011.918164,991.2416814,970.5651991,949.8887167,929.2122344
Comm Solar PV,High,2058.295441,2058.295441,2058.295441,1845.22786,1831.720278,1818.212696,1804.705114,1791.197532,1777.689951,1764.182369,1750.674787,1737.167205,1723.659623,1710.152041,1696.64446,1683.136878,1653.551717,1623.966557,1594.381396,1564.796236,1535.211075,1505.625915,1476.040754,1446.455593,1416.870433,1387.285272,1357.700112,1328.114951,1298.529791,1268.94463,1239.35947
Wind,Low,1665.786583,1665.786583,1665.786583,1777.19993,1658.696118,1544.243735,1503.729453,1463.21517,1422.700887,1382.186605,1341.672322,1325.097708,1308.523094,1291.948481,1275.373867,1258.799253,1242.224639,1225.650026,1209.075412,1192.500798,1175.926184,1159.35157,1142.776957,1126.202343,1109.627729,1093.053115,1076.478502,1059.903888,1043.329274,1026.75466,1010.180047
Wind,Mid,1665.786583,1665.786583,1665.786583,1786.313554,1676.094855,1569.099073,1536.869903,1504.640734,1472.411564,1440.182394,1407.953224,1393.300972,1378.648721,1363.99647,1349.344219,1334.691968,1320.039717,1305.387465,1290.735214,1276.082963,1261.430712,1246.778461,1232.12621,1217.473958,1202.821707,1188.169456,1173.517205,1158.864954,1144.212703,1129.560451,1114.9082
Wind,High,1665.786583,1665.786583,1665.786583,1809.611356,1720.572477,1632.638534,1621.589184,1610.539834,1599.490484,1588.441135,1577.391785,1566.343731,1555.295678,1544.247625,1533.199571,1522.151518,1511.103464,1500.055411,1489.007358,1477.959304,1466.911251,1455.863198,1444.815144,1433.767091,1422.719037,1411.670984,1400.622931,1389.574877,1378.526824,1367.47877,1356.430717
OffshoreWind,Low,6164.393079,6164.393079,6164.393079,6164.393079,6164.393079,6164.393079,6164.393079,6164.393079,6164.393079,6164.393079,6164.393079,5504.44235,5127.996868,4869.714806,4675.460752,4521.027965,4181.326477,3955.899469,3789.448514,3658.660695,3551.609089,3461.412077,3383.755867,3315.767408,3255.442083,3201.328177,3152.342836,3107.657981,3066.626915,3028.73554,2993.568541
OffshoreWind,Mid,8972.557993,8972.557993,8972.557993,8972.557993,8972.557993,8972.557993,8972.557993,8972.557993,8972.557993,8972.557993,8972.557993,7911.509016,7115.36185,6854.491558,6655.757965,6496.126766,6139.546405,5898.483029,5718.03745,5574.708053,5456.331431,5355.822631,5268.70544,5191.977977,5123.532628,5061.834971,5005.734963,4954.348982,4906.983876,4863.086964,4822.209784
OffshoreWind,High,13617.88097,13617.88097,13617.88097,13617.88097,13617.88097,13617.88097,13617.88097,13617.88097,13617.88097,13617.88097,13617.88097,12472.28707,11538.61914,10697.2749,9907.486723,9150.512241,8830.724214,8610.631986,8443.69975,8309.711484,8198.086212,8102.604643,8019.307544,7945.521539,7879.359088,7819.438544,7764.719517,7714.399095,7667.845104,7624.550986,7584.105196
Biopower,Low,5528.187827,5528.187827,5528.187827,5341.326933,5154.46604,5005.775901,4914.751875,4866.547931,4835.241745,4806.240302,4778.092777,4741.919341,4708.459698,4680.414044,4651.076805,4622.580627,4589.937989,4557.578808,4527.962375,4493.316128,4463.248081,4436.329264,4404.530679,4376.433406,4346.038613,4313.669217,4281.956993,4251.899604,4219.951293,4186.196702,4135.457972
Biopower,Mid,5528.187827,5528.187827,5528.187827,5341.326933,5154.46604,5005.775901,4914.751875,4866.547931,4835.241745,4806.240302,4778.092777,4741.919341,4708.459698,4680.414044,4651.076805,4622.580627,4589.937989,4557.578808,4527.962375,4493.316128,4463.248081,4436.329264,4404.530679,4376.433406,4346.038613,4313.669217,4281.956993,4251.899604,4219.951293,4186.196702,4135.457972
Biopower,High,5528.187827,5528.187827,5528.187827,5341.326933,5154.46604,5005.775901,4914.751875,4866.547931,4835.241745,4806.240302,4778.092777,4741.919341,4708.459698,4680.414044,4651.076805,4622.580627,4589.937989,4557.578808,4527.962375,4493.316128,4463.248081,4436.329264,4404.530679,4376.433406,4346.038613,4313.669217,4281.956993,4251.899604,4219.951293,4186.196702,4135.457972
Natural Gas CC,Low,1499.253044,1499.253044,1499.253044,1484.54356,1469.72264,1455.013156,1440.192236,1425.371316,1410.661832,1395.840912,1381.131428,1366.310508,1351.601024,1336.780104,1321.959184,1307.2497,1296.217587,1285.074038,1274.041925,1263.009811,1251.977698,1240.834149,1229.802036,1218.769923,1207.73781,1196.594261,1185.562148,1174.530035,1163.497921,1152.354373,1141.322259
Natural Gas CC,Mid,1499.253044,1499.253044,1499.253044,1487.329447,1475.294414,1463.259382,1451.335785,1439.300752,1427.265719,1415.342122,1403.30709,1391.272057,1379.34846,1367.313427,1355.278395,1343.354798,1333.214168,1323.073539,1312.93291,1302.680845,1292.540215,1282.399586,1272.258957,1262.118327,1251.977698,1241.837069,1231.696439,1221.55581,1211.415181,1201.274551,1191.133922
Natural Gas CC,High,1499.253044,1499.253044,1499.253044,1490.115334,1480.866189,1471.617043,1462.367898,1453.118752,1443.981042,1434.731897,1425.482752,1416.233606,1407.095896,1397.846751,1388.597605,1379.34846,1370.099315,1360.961605,1351.712459,1342.463314,1333.214168,1324.076458,1314.827313,1305.578167,1296.329022,1287.079877,1277.942167,1268.693021,1259.443876,1250.19473,1241.05702
Natural Gas CT,Low,1348.815136,1348.815136,1348.815136,1339.008814,1329.202491,1319.396168,1309.589845,1299.783522,1289.977199,1280.282312,1270.475989,1260.669666,1250.863343,1241.05702,1231.250698,1221.444375,1211.638052,1201.943164,1192.136842,1182.330519,1172.524196,1162.717873,1152.91155,1143.105227,1133.298904,1123.604017,1113.797694,1103.991371,1094.185048,1084.378725,1074.572403
Natural Gas CT,Mid,1348.815136,1348.815136,1348.815136,1339.008814,1329.202491,1319.396168,1309.589845,1299.783522,1289.977199,1280.282312,1270.475989,1260.669666,1250.863343,1241.05702,1231.250698,1221.444375,1211.638052,1201.943164,1192.136842,1182.330519,1172.524196,1162.717873,1152.91155,1143.105227,1133.298904,1123.604017,1113.797694,1103.991371,1094.185048,1084.378725,1074.572403
Natural Gas CT,High,1348.815136,1348.815136,1348.815136,1339.008814,1329.202491,1319.396168,1309.589845,1299.783522,1289.977199,1280.282312,1270.475989,1260.669666,1250.863343,1241.05702,1231.250698,1221.444375,1211.638052,1201.943164,1192.136842,1182.330519,1172.524196,1162.717873,1152.91155,1143.105227,1133.298904,1123.604017,1113.797694,1103.991371,1094.185048,1084.378725,1074.572403
Natural Gas CC-CCS,Low,3071.830639,3071.830639,3071.830639,2987.139669,2902.560134,2817.869164,2733.289629,2648.710094,2564.019124,2479.439589,2394.748619,2310.169084,2225.478114,2140.898579,2056.207609,1971.628074,1949.118106,1926.608137,1904.098169,1881.699636,1859.189668,1836.679699,1814.169731,1791.771198,1769.261229,1746.751261,1724.241293,1701.731324,1679.332791,1656.822823,1634.312855
Natural Gas CC-CCS,Mid,3071.830639,3071.830639,3071.830639,3015.332847,2958.835055,2902.337263,2845.839471,2789.341679,2732.732451,2676.234659,2619.736867,2563.239075,2506.741283,2450.243491,2393.745699,2337.247907,2311.840616,2286.433325,2260.914599,2235.507308,2210.100017,2184.692726,2159.173999,2133.766708,2108.359417,2082.952126,2057.544835,2032.026108,2006.618817,1981.211526,1955.804235
Natural Gas CC-CCS,High,3071.830639,3071.830639,3071.830639,3043.41459,3015.109976,2986.693927,2958.277877,2929.973264,2901.557214,2873.141165,2844.836551,2816.420502,2788.004453,2759.699839,2731.28379,2702.867741,2674.563127,2646.147078,2617.731029,2589.426415,2561.010366,2532.594316,2504.289703,2475.873653,2447.457604,2419.152991,2390.736941,2362.320892,2334.016278,2305.600229,2277.18418
Geothermal,Low,7213.472139,7213.472139,7213.472139,7011.356575,6820.659164,6640.279543,6469.261376,6306.768932,6152.068171,6004.511323,5863.52425,5728.59599,5599.270069,5475.137226,5355.829301,5241.014052,5215.485008,5190.083609,5164.809217,5139.661196,5114.638916,5089.741748,5064.969065,5040.320245,5015.79467,4991.391722,4967.11079,4942.951262,4918.912531,4894.993994,4871.19505
Geothermal,Mid,7213.472139,7213.472139,7213.472139,7096.799186,6989.497616,6890.214587,6797.864595,6711.56411,6630.584915,6554.320105,6482.258848,6413.967342,6349.074242,6287.259348,6228.244733,6171.787698,6141.658811,6111.680568,6081.852217,6052.173007,6022.642193,5993.259034,5964.02279,5934.932727,5905.988115,5877.188226,5848.532336,5820.019726,5791.649679,5763.421482,5735.334426
Geothermal,High,7213.472139,7213.472139,7213.472139,7178.147034,7142.998555,7108.025817,7073.227944,7038.60406,7004.153295,6969.874784,6935.767666,6901.831083,6868.064184,6834.466118,6801.036043,6767.773119,6734.676509,6701.745382,6668.978911,6636.376272,6603.936646,6571.659218,6539.543178,6507.587718,6475.792035,6444.15533,6412.676809,6381.355681,6350.191158,6319.182458,6288.328801
Geothermal EGS,Low,19757.40272,19757.40272,19757.40272,16486.86587,14303.07275,12718.84297,11504.99648,10538.12824,9745.311413,9080.404675,8512.644695,8020.651928,7589.058632,7206.505084,6864.393929,6556.085999,6523.972531,6492.019631,6460.226494,6428.592324,6397.116324,6365.797705,6334.635678,6303.629462,6272.778276,6242.081347,6211.537902,6181.147174,6150.908401,6120.82082,6090.883678
Geothermal EGS,Mid,19757.40272,19757.40272,19757.40272,17883.28882,16584.31335,15602.85175,14820.35794,14173.13035,13623.26198,13146.4953,12726.43693,12351.52655,12013.32887,11705.51389,11423.21882,11162.63299,11107.50798,11052.65859,10998.08345,10943.78119,10889.75044,10835.98984,10782.49805,10729.27371,10676.3155,10623.62207,10571.19212,10519.02431,10467.11735,10415.46991,10364.08072
Geothermal EGS,High,19757.40272,19757.40272,19757.40272,19659.34163,19561.77085,19464.68792,19368.0904,19271.97587,19176.34192,19081.18613,18986.50613,18892.29952,18798.56395,18705.29705,18612.49649,18520.15993,18428.28505,18336.86955,18245.91113,18155.4075,18065.35638,17975.75552,17886.60267,17797.89558,17709.63203,17621.80979,17534.42666,17447.48045,17360.96898,17274.89005,17189.24153
Hydropower,Low,3241.336444,3241.336444,3241.336444,3241.336444,3241.336444,3241.336444,3209.402095,3176.403267,3144.468918,3111.470091,3079.535741,3051.859305,3024.182869,2995.441955,2967.765519,2940.089083,2912.412647,2884.736211,2855.995297,2828.318861,2800.642425,2800.642425,2800.642425,2800.642425,2800.642425,2800.642425,2800.642425,2800.642425,2800.642425,2800.642425,2800.642425
Hydropower,Mid,3241.336444,3241.336444,3241.336444,3241.336444,3241.336444,3241.336444,3241.336444,3241.336444,3241.336444,3241.336444,3241.336444,3241.336444,3241.336444,3241.336444,3241.336444,3241.336444,3241.336444,3241.336444,3241.336444,3241.336444,3241.336444,3241.336444,3241.336444,3241.336444,3241.336444,3241.336444,3241.336444,3241.336444,3241.336444,3241.336444,3241.336444
Hydropower,High,3241.336444,3241.336444,3241.336444,3241.336444,3241.336444,3241.336444,3241.336444,3241.336444,3241.336444,3241.336444,3241.336444,3241.336444,3241.336444,3241.336444,3241.336444,3241.336444,3241.336444,3241.336444,3241.336444,3241.336444,3241.336444,3241.336444,3241.336444,3241.336444,3241.336444,3241.336444,3241.336444,3241.336444,3241.336444,3241.336444,3241.336444
Net-zero CH4,Low,1643.0,1580.0,1517.0,1453.0,1390.0,1327.0,1263.0,1200.0,1137.0,1073.0,1010.0,998.0,985.0,973.0,960.0,948.0,935.0,923.0,910.0,898.0,885.0,873.0,860.0,848.0,835.0,823.0,810.0,798.0,785.0,773.0,760.0
Net-zero CH4,Mid,1643.0,1580.0,1517.0,1453.0,1390.0,1327.0,1263.0,1200.0,1137.0,1073.0,1010.0,998.0,985.0,973.0,960.0,948.0,935.0,923.0,910.0,898.0,885.0,873.0,860.0,848.0,835.0,823.0,810.0,798.0,785.0,773.0,760.0
Net-zero CH4,High,1643.0,1580.0,1517.0,1453.0,1390.0,1327.0,1263.0,1200.0,1137.0,1073.0,1010.0,998.0,985.0,973.0,960.0,948.0,935.0,923.0,910.0,898.0,885.0,873.0,860.0,848.0,835.0,823.0,810.0,798.0,785.0,773.0,760.0
Biomethane,Low,5.0,5.0,5.0,5.0,5.0,5.0,5.0,5.0,5.0,5.0,5.0,5.0,5.0,5.0,5.0,5.0,5.0,5.0,5.0,5.0,5.0,5.0,5.0,5.0,5.0,5.0,5.0,5.0,5.0,5.0,5.0
Biomethane,Mid,5.0,5.0,5.0,5.0,5.0,5.0,5.0,5.0,5.0,5.0,5.0,5.0,5.0,5.0,5.0,5.0,5.0,5.0,5.0,5.0,5.0,5.0,5.0,5.0,5.0,5.0,5.0,5.0,5.0,5.0,5.0
Biomethane,High,5.0,5.0,5.0,5.0,5.0,5.0,5.0,5.0,5.0,5.0,5.0,5.0,5.0,5.0,5.0,5.0,5.0,5.0,5.0,5.0,5.0,5.0,5.0,5.0,5.0,5.0,5.0,5.0,5.0,5.0,5.0
Long-duration storage,Low,3339.633927,3339.633927,3339.633927,3334.436576,3329.239225,3324.041874,3238.896545,3156.294899,3076.15355,2998.450963,2922.99111,2849.757747,2778.678085,2709.68176,2642.700756,2577.669324,2514.523905,2453.262118,2393.706445,2335.858526,2279.662849,2225.065749,2172.015342,2120.461469,2070.355633,2021.71001,1974.361146,1928.324271,1883.557008,1840.018381,1797.668772
Long-duration storage,Mid,3339.633927,3339.633927,3339.633927,3334.436576,3329.239225,3324.041874,3238.896545,3156.294899,3076.15355,2998.450963,2922.99111,2849.757747,2778.678085,2709.68176,2642.700756,2577.669324,2514.523905,2453.262118,2393.706445,2335.858526,2279.662849,2225.065749,2172.015342,2120.461469,2070.355633,2021.71001,1974.361146,1928.324271,1883.557008,1840.018381,1797.668772
Long-duration storage,High,3339.633927,3339.633927,3339.633927,3334.436576,3329.239225,3324.041874,3238.896545,3156.294899,3076.15355,2998.450963,2922.99111,2849.757747,2778.678085,2709.68176,2642.700756,2577.669324,2514.523905,2453.262118,2393.706445,2335.858526,2279.662849,2225.065749,2172.015342,2120.461469,2070.355633,2021.71001,1974.361146,1928.324271,1883.557008,1840.018381,1797.668772
Underground gas storage,Low,0.0,0.0,0.0,0.0,0.0,0.0,0.0,0.0,0.0,0.0,0.0,0.0,0.0,0.0,0.0,0.0,0.0,0.0,0.0,0.0,0.0,0.0,0.0,0.0,0.0,0.0,0.0,0.0,0.0,0.0,0.0
Underground gas storage,Mid,0.0,0.0,0.0,0.0,0.0,0.0,0.0,0.0,0.0,0.0,0.0,0.0,0.0,0.0,0.0,0.0,0.0,0.0,0.0,0.0,0.0,0.0,0.0,0.0,0.0,0.0,0.0,0.0,0.0,0.0,0.0
Underground gas storage,High,0.0,0.0,0.0,0.0,0.0,0.0,0.0,0.0,0.0,0.0,0.0,0.0,0.0,0.0,0.0,0.0,0.0,0.0,0.0,0.0,0.0,0.0,0.0,0.0,0.0,0.0,0.0,0.0,0.0,0.0,0.0
Comm SH,$/kbtu/hr,85.0,83.8,82.6,81.4,80.2,79.0,77.8,76.6,75.4,74.2,73.0,72.2,71.4,70.6,69.8,69.0,68.2,67.4,66.6,65.8,65.0,64.5,64.0,63.5,63.0,62.5,62.0,61.5,61.0,60.5,60.0
Comm WH,$/kbtu/hr,303.0,297.4,291.8,286.2,280.6,275.0,269.4,263.8,258.2,252.6,247.0,243.6,240.2,236.8,233.4,230.0,226.6,223.2,219.8,216.4,213.0,210.1,207.2,204.3,201.4,198.5,195.6,192.7,189.8,186.9,184.0
Res SH,$/ton,1648.0,1634.5,1621.0,1607.5,1594.0,1580.5,1567.0,1553.5,1540.0,1526.5,1513.0,1499.5,1486.0,1472.5,1459.0,1445.5,1432.0,1418.5,1405.0,1391.5,1378.0,1364.4,1350.8,1337.2,1323.6,1310.0,1296.4,1282.8,1269.2,1255.6,1242.0
Res WH,$/unit,1650.0,1636.5,1623.0,1609.5,1596.0,1582.5,1569.0,1555.5,1542.0,1528.5,1350.0,1336.5,1323.0,1309.5,1296.0,1282.5,1269.0,1255.5,1242.0,1228.5,1100.0,1090.0,1080.0,1070.0,1060.0,1050.0,1040.0,1030.0,1020.0,1010.0,1000.0
Multi-day storage,Low,2150.0,2128.5,2107.215,2086.14285,2065.281422,2044.628607,2024.182321,2003.940498,1983.901093,1964.062082,1944.421461,1924.977247,1905.727474,1886.670199,1867.803497,1849.125462,1830.634208,1812.327866,1794.204587,1776.262541,1758.499916,1740.914917,1723.505768,1706.27071,1689.208003,1672.315923,1655.592763,1639.036836,1622.646467,1606.420003,1590.355803
Multi-day storage,Mid,2150.0,2128.5,2107.215,2086.14285,2065.281422,2044.628607,2024.182321,2003.940498,1983.901093,1964.062082,1944.421461,1924.977247,1905.727474,1886.670199,1867.803497,1849.125462,1830.634208,1812.327866,1794.204587,1776.262541,1758.499916,1740.914917,1723.505768,1706.27071,1689.208003,1672.315923,1655.592763,1639.036836,1622.646467,1606.420003,1590.355803
Multi-day storage,High,2150.0,2128.5,2107.215,2086.14285,2065.281422,2044.628607,2024.182321,2003.940498,1983.901093,1964.062082,1944.421461,1924.977247,1905.727474,1886.670199,1867.803497,1849.125462,1830.634208,1812.327866,1794.204587,1776.262541,1758.499916,1740.914917,1723.505768,1706.27071,1689.208003,1672.315923,1655.592763,1639.036836,1622.646467,1606.420003,1590.355803
Pumped hydro storage,Low,3224.238457,3224.238457,3224.238457,3191.670392,3159.102327,3159.102327,3126.534261,3126.534261,3093.966196,3061.398131,3061.398131,3028.830066,3028.830066,2996.262001,2996.262001,2963.693935,2963.693935,2963.693935,2931.12587,2931.12587,2931.12587,2931.12587,2898.557805,2898.557805,2898.557805,2898.557805,2898.557805,2865.98974,2865.98974,2865.98974,2865.98974
Pumped hydro storage,Mid,3224.238457,3224.238457,3224.238457,3224.238457,3224.238457,3224.238457,3224.238457,3224.238457,3224.238457,3224.238457,3224.238457,3224.238457,3224.238457,3224.238457,3224.238457,3224.238457,3224.238457,3224.238457,3224.238457,3224.238457,3224.238457,3224.238457,3224.238457,3224.238457,3224.238457,3224.238457,3224.238457,3224.238457,3224.238457,3224.238457,3224.238457
Pumped hydro storage,High,3224.238457,3224.238457,3224.238457,3224.238457,3224.238457,3224.238457,3224.238457,3224.238457,3224.238457,3224.238457,3224.238457,3224.238457,3224.238457,3224.238457,3224.238457,3224.238457,3224.238457,3224.238457,3224.238457,3224.238457,3224.238457,3224.238457,3224.238457,3224.238457,3224.238457,3224.238457,3224.238457,3224.238457,3224.238457,3224.238457,3224.238457
ElecHeatPumpWH,High,2450.0,2440.2,2430.4,2420.6,2410.8,2401.0,2391.2,2381.4,2371.6,2361.8,2352.0,2342.2,2332.4,2322.6,2312.8,2303.0,2293.2,2283.4,2273.6,2263.8,2254.0,2244.2,2234.4,2224.6,2214.8,2205.0,2195.2,2185.4,2175.6,2165.8,2156.0
ElecHeatPump_SpaceHeat,High,8620.0,8585.52,8551.04,8516.56,8482.08,8447.6,8413.12,8378.64,8344.16,8309.68,8275.2,8240.72,8206.24,8171.76,8137.28,8102.8,8068.32,8033.84,7999.36,7964.88,7930.4,7895.92,7861.44,7826.96,7792.48,7758.0,7723.52,7689.04,7654.56,7620.08,7585.6
ElecInduction_Res,High,1050.0,1045.8,1041.6,1037.4,1033.2,1029.0,1024.8,1020.6,1016.4,1012.2,1008.0,1003.8,999.6,995.4,991.2,987.0,982.8,978.6,974.4,970.2,966.0,961.8,957.6,953.4,949.2,945.0,940.8,936.6,932.4,928.2,924.0
GasFiredWH,High,3130.0,3117.48,3104.96,3092.44,3079.92,3067.4,3054.88,3042.36,3029.84,3017.32,3004.8,2992.28,2979.76,2967.24,2954.72,2942.2,2929.68,2917.16,2904.64,2892.12,2879.6,2867.08,2854.56,2842.04,2829.52,2817.0,2804.48,2791.96,2779.44,2766.92,2754.4
GasFurnace_SpaceHeat,High,4320.0,4302.72,4285.44,4268.16,4250.88,4233.6,4216.32,4199.04,4181.76,4164.48,4147.2,4129.92,4112.64,4095.36,4078.08,4060.8,4043.52,4026.24,4008.96,3991.68,3974.4,3957.12,3939.84,3922.56,3905.28,3888.0,3870.72,3853.44,3836.16,3818.88,3801.6
GasRange_Res,High,1000.0,996.0,992.0,988.0,984.0,980.0,976.0,972.0,968.0,964.0,960.0,956.0,952.0,948.0,944.0,940.0,936.0,932.0,928.0,924.0,920.0,916.0,912.0,908.0,904.0,900.0,896.0,892.0,888.0,884.0,880.0
ElecHeatPumpWHComm,High,4690.0,4671.24,4652.48,4633.72,4614.96,4596.2,4577.44,4558.68,4539.92,4521.16,4502.4,4483.64,4464.88,4446.12,4427.36,4408.6,4389.84,4371.08,4352.32,4333.56,4314.8,4296.04,4277.28,4258.52,4239.76,4221.0,4202.24,4183.48,4164.72,4145.96,4127.2
ElecHeatPump_SpaceHeatComm,High,18860.0,18784.56,18709.12,18633.68,18558.24,18482.8,18407.36,18331.92,18256.48,18181.04,18105.6,18030.16,17954.72,17879.28,17803.84,17728.4,17652.96,17577.52,17502.08,17426.64,17351.2,17275.76,17200.32,17124.88,17049.44,16974.0,16898.56,16823.12,16747.68,16672.24,16596.8
ElecInduction_Comm,High,0.0,0.0,0.0,0.0,0.0,0.0,0.0,0.0,0.0,0.0,0.0,0.0,0.0,0.0,0.0,0.0,0.0,0.0,0.0,0.0,0.0,0.0,0.0,0.0,0.0,0.0,0.0,0.0,0.0,0.0,0.0
GasFiredWHComm,High,8460.0,8426.16,8392.32,8358.48,8324.64,8290.8,8256.96,8223.12,8189.28,8155.44,8121.6,8087.76,8053.92,8020.08,7986.24,7952.4,7918.56,7884.72,7850.88,7817.04,7783.2,7749.36,7715.52,7681.68,7647.84,7614.0,7580.16,7546.32,7512.48,7478.64,7444.8
GasFurnace_SpaceHeatComm,High,2580.0,2569.68,2559.36,2549.04,2538.72,2528.4,2518.08,2507.76,2497.44,2487.12,2476.8,2466.48,2456.16,2445.84,2435.52,2425.2,2414.88,2404.56,2394.24,2383.92,2373.6,2363.28,2352.96,2342.64,2332.32,2322.0,2311.68,2301.36,2291.04,2280.72,2270.4
GasRange_Comm,High,0.0,0.0,0.0,0.0,0.0,0.0,0.0,0.0,0.0,0.0,0.0,0.0,0.0,0.0,0.0,0.0,0.0,0.0,0.0,0.0,0.0,0.0,0.0,0.0,0.0,0.0,0.0,0.0,0.0,0.0,0.0
AC_GasFurnace,High,10300.0,10258.8,10217.6,10176.4,10135.2,10094.0,10052.8,10011.6,9970.4,9929.2,9888.0,9846.8,9805.6,9764.4,9723.2,9682.0,9640.8,9599.6,9558.4,9517.2,9476.0,9434.8,9393.6,9352.4,9311.2,9270.0,9228.8,9187.6,9146.4,9105.2,9064.0
AC_ElecHeatPump_SpaceHeat,High,8620.0,8585.52,8551.04,8516.56,8482.08,8447.6,8413.12,8378.64,8344.16,8309.68,8275.2,8240.72,8206.24,8171.76,8137.28,8102.8,8068.32,8033.84,7999.36,7964.88,7930.4,7895.92,7861.44,7826.96,7792.48,7758.0,7723.52,7689.04,7654.56,7620.08,7585.6
AC_GasFurnaceComm,High,20180.0,20099.28,20018.56,19937.84,19857.12,19776.4,19695.68,19614.96,19534.24,19453.52,19372.8,19292.08,19211.36,19130.64,19049.92,18969.2,18888.48,18807.76,18727.04,18646.32,18565.6,18484.88,18404.16,18323.44,18242.72,18162.0,18081.28,18000.56,17919.84,17839.12,17758.4
AC_HeatPump_SpaceHeatComm,High,18860.0,18784.56,18709.12,18633.68,18558.24,18482.8,18407.36,18331.92,18256.48,18181.04,18105.6,18030.16,17954.72,17879.28,17803.84,17728.4,17652.96,17577.52,17502.08,17426.64,17351.2,17275.76,17200.32,17124.88,17049.44,16974.0,16898.56,16823.12,16747.68,16672.24,16596.8
ElecHeatPumpWH,Mid,2230.0,2221.08,2212.16,2203.24,2194.32,2185.4,2176.48,2167.56,2158.64,2149.72,2140.8,2131.88,2122.96,2114.04,2105.12,2096.2,2087.28,2078.36,2069.44,2060.52,2051.6,2042.68,2033.76,2024.84,2015.92,2007.0,1998.08,1989.16,1980.24,1971.32,1962.4
ElecHeatPump_SpaceHeat,Mid,6880.0,6852.48,6824.96,6797.44,6769.92,6742.4,6714.88,6687.36,6659.84,6632.32,6604.8,6577.28,6549.76,6522.24,6494.72,6467.2,6439.68,6412.16,6384.64,6357.12,6329.6,6302.08,6274.56,6247.04,6219.52,6192.0,6164.48,6136.96,6109.44,6081.92,6054.4
ElecInduction_Res,Mid,770.0,766.92,763.84,760.76,757.68,754.6,751.52,748.44,745.36,742.28,739.2,736.12,733.04,729.96,726.88,723.8,720.72,717.64,714.56,711.48,708.4,705.32,702.24,699.16,696.08,693.0,689.92,686.84,683.76,680.68,677.6
GasFiredWH,Mid,1690.0,1683.24,1676.48,1669.72,1662.96,1656.2,1649.44,1642.68,1635.92,1629.16,1622.4,1615.64,1608.88,1602.12,1595.36,1588.6,1581.84,1575.08,1568.32,1561.56,1554.8,1548.04,1541.28,1534.52,1527.76,1521.0,1514.24,1507.48,1500.72,1493.96,1487.2
GasFurnace_SpaceHeat,Mid,4130.0,4113.48,4096.96,4080.44,4063.92,4047.4,4030.88,4014.36,3997.84,3981.32,3964.8,3948.28,3931.76,3915.24,3898.72,3882.2,3865.68,3849.16,3832.64,3816.12,3799.6,3783.08,3766.56,3750.04,3733.52,3717.0,3700.48,3683.96,3667.44,3650.92,3634.4
GasRange_Res,Mid,920.0,916.32,912.64,908.96,905.28,901.6,897.92,894.24,890.56,886.88,883.2,879.52,875.84,872.16,868.48,864.8,861.12,857.44,853.76,850.08,846.4,842.72,839.04,835.36,831.68,828.0,824.32,820.64,816.96,813.28,809.6
ElecHeatPumpWHComm,Mid,4690.0,4671.24,4652.48,4633.72,4614.96,4596.2,4577.44,4558.68,4539.92,4521.16,4502.4,4483.64,4464.88,4446.12,4427.36,4408.6,4389.84,4371.08,4352.32,4333.56,4314.8,4296.04,4277.28,4258.52,4239.76,4221.0,4202.24,4183.48,4164.72,4145.96,4127.2
ElecHeatPump_SpaceHeatComm,Mid,14940.0,14880.24,14820.48,14760.72,14700.96,14641.2,14581.44,14521.68,14461.92,14402.16,14342.4,14282.64,14222.88,14163.12,14103.36,14043.6,13983.84,13924.08,13864.32,13804.56,13744.8,13685.04,13625.28,13565.52,13505.76,13446.0,13386.24,13326.48,13266.72,13206.96,13147.2
ElecInduction_Comm,Mid,0.0,0.0,0.0,0.0,0.0,0.0,0.0,0.0,0.0,0.0,0.0,0.0,0.0,0.0,0.0,0.0,0.0,0.0,0.0,0.0,0.0,0.0,0.0,0.0,0.0,0.0,0.0,0.0,0.0,0.0,0.0
GasFiredWHComm,Mid,8460.0,8426.16,8392.32,8358.48,8324.64,8290.8,8256.96,8223.12,8189.28,8155.44,8121.6,8087.76,8053.92,8020.08,7986.24,7952.4,7918.56,7884.72,7850.88,7817.04,7783.2,7749.36,7715.52,7681.68,7647.84,7614.0,7580.16,7546.32,7512.48,7478.64,7444.8
GasFurnace_SpaceHeatComm,Mid,2540.0,2529.84,2519.68,2509.52,2499.36,2489.2,2479.04,2468.88,2458.72,2448.56,2438.4,2428.24,2418.08,2407.92,2397.76,2387.6,2377.44,2367.28,2357.12,2346.96,2336.8,2326.64,2316.48,2306.32,2296.16,2286.0,2275.84,2265.68,2255.52,2245.36,2235.2
GasRange_Comm,Mid,0.0,0.0,0.0,0.0,0.0,0.0,0.0,0.0,0.0,0.0,0.0,0.0,0.0,0.0,0.0,0.0,0.0,0.0,0.0,0.0,0.0,0.0,0.0,0.0,0.0,0.0,0.0,0.0,0.0,0.0,0.0
AC_GasFurnace,Mid,9520.0,9481.92,9443.84,9405.76,9367.68,9329.6,9291.52,9253.44,9215.36,9177.28,9139.2,9101.12,9063.04,9024.96,8986.88,8948.8,8910.72,8872.64,8834.56,8796.48,8758.4,8720.32,8682.24,8644.16,8606.08,8568.0,8529.92,8491.84,8453.76,8415.68,8377.6
AC_ElecHeatPump_SpaceHeat,Mid,6880.0,6852.48,6824.96,6797.44,6769.92,6742.4,6714.88,6687.36,6659.84,6632.32,6604.8,6577.28,6549.76,6522.24,6494.72,6467.2,6439.68,6412.16,6384.64,6357.12,6329.6,6302.08,6274.56,6247.04,6219.52,6192.0,6164.48,6136.96,6109.44,6081.92,6054.4
AC_GasFurnaceComm,Mid,14410.0,14352.36,14294.72,14237.08,14179.44,14121.8,14064.16,14006.52,13948.88,13891.24,13833.6,13775.96,13718.32,13660.68,13603.04,13545.4,13487.76,13430.12,13372.48,13314.84,13257.2,13199.56,13141.92,13084.28,13026.64,12969.0,12911.36,12853.72,12796.08,12738.44,12680.8
AC_HeatPump_SpaceHeatComm,Mid,14940.0,14880.24,14820.48,14760.72,14700.96,14641.2,14581.44,14521.68,14461.92,14402.16,14342.4,14282.64,14222.88,14163.12,14103.36,14043.6,13983.84,13924.08,13864.32,13804.56,13744.8,13685.04,13625.28,13565.52,13505.76,13446.0,13386.24,13326.48,13266.72,13206.96,13147.2
ElecHeatPumpWH,Low,2434.0,2424.264,2414.528,2404.792,2395.056,2385.32,2375.584,2365.848,2356.112,2346.376,2336.64,2326.904,2317.168,2307.432,2297.696,2287.96,2278.224,2268.488,2258.752,2249.016,2239.28,2229.544,2219.808,2210.072,2200.336,2190.6,2180.864,2171.128,2161.392,2151.656,2141.92
ElecHeatPump_SpaceHeat,Low,5498.0,5476.008,5454.016,5432.024,5410.032,5388.04,5366.048,5344.056,5322.064,5300.072,5278.08,5256.088,5234.096,5212.104,5190.112,5168.12,5146.128,5124.136,5102.144,5080.152,5058.16,5036.168,5014.176,4992.184,4970.192,4948.2,4926.208,4904.216,4882.224,4860.232,4838.24
ElecInduction_Res,Low,1089.0,1084.644,1080.288,1075.932,1071.576,1067.22,1062.864,1058.508,1054.152,1049.796,1045.44,1041.084,1036.728,1032.372,1028.016,1023.66,1019.304,1014.948,1010.592,1006.236,1001.88,997.524,993.168,988.812,984.456,980.1,975.744,971.388,967.032,962.676,958.32
GasFiredWH,Low,1419.0,1413.324,1407.648,1401.972,1396.296,1390.62,1384.944,1379.268,1373.592,1367.916,1362.24,1356.564,1350.888,1345.212,1339.536,1333.86,1328.184,1322.508,1316.832,1311.156,1305.48,1299.804,1294.128,1288.452,1282.776,1277.1,1271.424,1265.748,1260.072,1254.396,1248.72
GasFurnace_SpaceHeat,Low,4805.0,4785.78,4766.56,4747.34,4728.12,4708.9,4689.68,4670.46,4651.24,4632.02,4612.8,4593.58,4574.36,4555.14,4535.92,4516.7,4497.48,4478.26,4459.04,4439.82,4420.6,4401.38,4382.16,4362.94,4343.72,4324.5,4305.28,4286.06,4266.84,4247.62,4228.4
GasRange_Res,Low,798.0,794.808,791.616,788.424,785.232,782.04,778.848,775.656,772.464,769.272,766.08,762.888,759.696,756.504,753.312,750.12,746.928,743.736,740.544,737.352,734.16,730.968,727.776,724.584,721.392,718.2,715.008,711.816,708.624,705.432,702.24
ElecHeatPumpWHComm,Low,7757.0,7725.972,7694.944,7663.916,7632.888,7601.86,7570.832,7539.804,7508.776,7477.748,7446.72,7415.692,7384.664,7353.636,7322.608,7291.58,7260.552,7229.524,7198.496,7167.468,7136.44,7105.412,7074.384,7043.356,7012.328,6981.3,6950.272,6919.244,6888.216,6857.188,6826.16
ElecHeatPump_SpaceHeatComm,Low,11800.0,11752.8,11705.6,11658.4,11611.2,11564.0,11516.8,11469.6,11422.4,11375.2,11328.0,11280.8,11233.6,11186.4,11139.2,11092.0,11044.8,10997.6,10950.4,10903.2,10856.0,10808.8,10761.6,10714.4,10667.2,10620.0,10572.8,10525.6,10478.4,10431.2,10384.0
ElecInduction_Comm,Low,0.0,0.0,0.0,0.0,0.0,0.0,0.0,0.0,0.0,0.0,0.0,0.0,0.0,0.0,0.0,0.0,0.0,0.0,0.0,0.0,0.0,0.0,0.0,0.0,0.0,0.0,0.0,0.0,0.0,0.0,0.0
GasFiredWHComm,Low,8701.0,8666.196,8631.392,8596.588,8561.784,8526.98,8492.176,8457.372,8422.568,8387.764,8352.96,8318.156,8283.352,8248.548,8213.744,8178.94,8144.136,8109.332,8074.528,8039.724,8004.92,7970.116,7935.312,7900.508,7865.704,7830.9,7796.096,7761.292,7726.488,7691.684,7656.88
GasFurnace_SpaceHeatComm,Low,2919.0,2907.324,2895.648,2883.972,2872.296,2860.62,2848.944,2837.268,2825.592,2813.916,2802.24,2790.564,2778.888,2767.212,2755.536,2743.86,2732.184,2720.508,2708.832,2697.156,2685.48,2673.804,2662.128,2650.452,2638.776,2627.1,2615.424,2603.748,2592.072,2580.396,2568.72
GasRange_Comm,Low,0.0,0.0,0.0,0.0,0.0,0.0,0.0,0.0,0.0,0.0,0.0,0.0,0.0,0.0,0.0,0.0,0.0,0.0,0.0,0.0,0.0,0.0,0.0,0.0,0.0,0.0,0.0,0.0,0.0,0.0,0.0
AC_GasFurnace,Low,10987.0,10943.052,10899.104,10855.156,10811.208,10767.26,10723.312,10679.364,10635.416,10591.468,10547.52,10503.572,10459.624,10415.676,10371.728,10327.78,10283.832,10239.884,10195.936,10151.988,10108.04,10064.092,10020.144,9976.196,9932.248,9888.3,9844.352,9800.404,9756.456,9712.508,9668.56
AC_ElecHeatPump_SpaceHeat,Low,5498.0,5476.008,5454.016,5432.024,5410.032,5388.04,5366.048,5344.056,5322.064,5300.072,5278.08,5256.088,5234.096,5212.104,5190.112,5168.12,5146.128,5124.136,5102.144,5080.152,5058.16,5036.168,5014.176,4992.184,4970.192,4948.2,4926.208,4904.216,4882.224,4860.232,4838.24
AC_GasFurnaceComm,Low,10713.0,10670.148,10627.296,10584.444,10541.592,10498.74,10455.888,10413.036,10370.184,10327.332,10284.48,10241.628,10198.776,10155.924,10113.072,10070.22,10027.368,9984.516,9941.664,9898.812,9855.96,9813.108,9770.256,9727.404,9684.552,9641.7,9598.848,9555.996,9513.144,9470.292,9427.44
AC_HeatPump_SpaceHeatComm,Low,11800.0,11752.8,11705.6,11658.4,11611.2,11564.0,11516.8,11469.6,11422.4,11375.2,11328.0,11280.8,11233.6,11186.4,11139.2,11092.0,11044.8,10997.6,10950.4,10903.2,10856.0,10808.8,10761.6,10714.4,10667.2,10620.0,10572.8,10525.6,10478.4,10431.2,10384.0
Rondo Heat Battery,Low,273.0,273.0,273.0,273.0,273.0,273.0,238.962609,209.168969,183.089972,160.262482,140.281102,122.790982,107.481514,94.0808169,82.3509065,72.0834706,70.6418011,69.2289651,67.8443858,66.4874981,65.1577481,63.8545932,62.5775013,61.3259513,60.0994323,58.8974436,57.7194947,56.5651048,55.4338027,54.3251267,53.2386242
Rondo Heat Battery,Mid,273.0,273.0,273.0,273.0,273.0,273.0,238.962609,209.168969,183.089972,160.262482,140.281102,122.790982,107.481514,94.0808169,82.3509065,72.0834706,70.6418011,69.2289651,67.8443858,66.4874981,65.1577481,63.8545932,62.5775013,61.3259513,60.0994323,58.8974436,57.7194947,56.5651048,55.4338027,54.3251267,53.2386242
Rondo Heat Battery,High,273.0,273.0,273.0,273.0,273.0,273.0,238.962609,209.168969,183.089972,160.262482,140.281102,122.790982,107.481514,94.0808169,82.3509065,72.0834706,70.6418011,69.2289651,67.8443858,66.4874981,65.1577481,63.8545932,62.5775013,61.3259513,60.0994323,58.8974436,57.7194947,56.5651048,55.4338027,54.3251267,53.2386242
Hydrogen-to-Heat,Low,34.51302105,34.51302105,34.51302105,34.51302105,34.51302105,34.51302105,33.54823323,32.6121884,31.70398658,30.82275701,29.96765712,29.13787163,28.33261165,27.55111378,26.79263928,26.05647326,25.34192388,24.64832159,23.97501838,23.32138712,22.68682079,22.07073189,21.47255175,20.89172994,20.32773363,19.78004708,19.24817098,18.73162199,18.2299322,17.74264859,17.26933258
Hydrogen-to-Heat,Mid,34.51302105,34.51302105,34.51302105,34.51302105,34.51302105,34.51302105,33.54823323,32.6121884,31.70398658,30.82275701,29.96765712,29.13787163,28.33261165,27.55111378,26.79263928,26.05647326,25.34192388,24.64832159,23.97501838,23.32138712,22.68682079,22.07073189,21.47255175,20.89172994,20.32773363,19.78004708,19.24817098,18.73162199,18.2299322,17.74264859,17.26933258
Hydrogen-to-Heat,High,34.51302105,34.51302105,34.51302105,34.51302105,34.51302105,34.51302105,33.54823323,32.6121884,31.70398658,30.82275701,29.96765712,29.13787163,28.33261165,27.55111378,26.79263928,26.05647326,25.34192388,24.64832159,23.97501838,23.32138712,22.68682079,22.07073189,21.47255175,20.89172994,20.32773363,19.78004708,19.24817098,18.73162199,18.2299322,17.74264859,17.26933258
Steam Turbine,Low,660.0,660.0,660.0,660.0,660.0,660.0,660.0,660.0,660.0,660.0,660.0,660.0,660.0,660.0,660.0,660.0,660.0,660.0,660.0,660.0,660.0,660.0,660.0,660.0,660.0,660.0,660.0,660.0,660.0,660.0,660.0
Steam Turbine,Mid,660.0,660.0,660.0,660.0,660.0,660.0,660.0,660.0,660.0,660.0,660.0,660.0,660.0,660.0,660.0,660.0,660.0,660.0,660.0,660.0,660.0,660.0,660.0,660.0,660.0,660.0,660.0,660.0,660.0,660.0,660.0
Steam Turbine,High,660.0,660.0,660.0,660.0,660.0,660.0,660.0,660.0,660.0,660.0,660.0,660.0,660.0,660.0,660.0,660.0,660.0,660.0,660.0,660.0,660.0,660.0,660.0,660.0,660.0,660.0,660.0,660.0,660.0,660.0,660.0
Electric Boiler,Low,200.0,200.0,200.0,200.0,200.0,200.0,196.0,192.08,188.2384,184.473632,180.7841594,177.1684762,173.6251066,170.1526045,166.7495524,163.4145614,160.1462701,156.9433447,153.8044779,150.7283883,147.7138205,144.7595441,141.8643532,139.0270662,136.2465248,133.5215944,130.8511625,128.2341392,125.6694564,123.1560673,120.692946
Electric Boiler,Mid,200.0,200.0,200.0,200.0,200.0,200.0,196.0,192.08,188.2384,184.473632,180.7841594,177.1684762,173.6251066,170.1526045,166.7495524,163.4145614,160.1462701,156.9433447,153.8044779,150.7283883,147.7138205,144.7595441,141.8643532,139.0270662,136.2465248,133.5215944,130.8511625,128.2341392,125.6694564,123.1560673,120.692946
Electric Boiler,High,200.0,200.0,200.0,200.0,200.0,200.0,196.0,192.08,188.2384,184.473632,180.7841594,177.1684762,173.6251066,170.1526045,166.7495524,163.4145614,160.1462701,156.9433447,153.8044779,150.7283883,147.7138205,144.7595441,141.8643532,139.0270662,136.2465248,133.5215944,130.8511625,128.2341392,125.6694564,123.1560673,120.692946
Heat Pump,Low,1750.0,1750.0,1750.0,1750.0,1750.0,1750.0,1715.0,1680.7,1647.086,1614.14428,1581.861394,1550.224167,1519.219683,1488.83529,1459.058584,1429.877412,1401.279864,1373.254267,1345.789181,1318.873398,1292.49593,1266.646011,1241.313091,1216.486829,1192.157092,1168.313951,1144.947672,1122.048718,1099.607744,1077.615589,1056.063277
Heat Pump,Mid,1750.0,1750.0,1750.0,1750.0,1750.0,1750.0,1715.0,1680.7,1647.086,1614.14428,1581.861394,1550.224167,1519.219683,1488.83529,1459.058584,1429.877412,1401.279864,1373.254267,1345.789181,1318.873398,1292.49593,1266.646011,1241.313091,1216.486829,1192.157092,1168.313951,1144.947672,1122.048718,1099.607744,1077.615589,1056.063277
Heat Pump,High,1750.0,1750.0,1750.0,1750.0,1750.0,1750.0,1715.0,1680.7,1647.086,1614.14428,1581.861394,1550.224167,1519.219683,1488.83529,1459.058584,1429.877412,1401.279864,1373.254267,1345.789181,1318.873398,1292.49593,1266.646011,1241.313091,1216.486829,1192.157092,1168.313951,1144.947672,1122.048718,1099.607744,1077.615589,1056.063277
DAC-LS,Low,1000000000.0,1000000000.0,5535.226089572572,5535.226089572572,5535.226089572572,2788.6298809983396,2761.5385315391513,2734.7103726957275,2708.1428475891535,2681.833424180417,2655.7795950290943,2629.978877054374,2604.428811298407,2579.126962691949,2554.0709198222917,2529.258294703434,2504.6867225484975,2480.353861544348,2456.257392628406,2432.3950192676252,2408.7644672396245,2385.363484415937,2362.18984054737,2339.2413270514508,2316.5157568019354,2294.010963920361,2271.7248035696275,2249.655151749581,2227.7999050945846,2206.156980673056,2184.7243157889507
DAC-LS,Mid,1000000000.0,1000000000.0,5535.226089572572,5535.226089572572,5535.226089572572,2788.6298809983396,2761.5385315391513,2734.7103726957275,2708.1428475891535,2681.833424180417,2655.7795950290943,2629.978877054374,2604.428811298407,2579.126962691949,2554.0709198222917,2529.258294703434,2504.6867225484975,2480.353861544348,2456.257392628406,2432.3950192676252,2408.7644672396245,2385.363484415937,2362.18984054737,2339.2413270514508,2316.5157568019354,2294.010963920361,2271.7248035696275,2249.655151749581,2227.7999050945846,2206.156980673056,2184.7243157889507
DAC-LS,High,1000000000.0,1000000000.0,5535.226089572572,5535.226089572572,5535.226089572572,2788.6298809983396,2761.5385315391513,2734.7103726957275,2708.1428475891535,2681.833424180417,2655.7795950290943,2629.978877054374,2604.428811298407,2579.126962691949,2554.0709198222917,2529.258294703434,2504.6867225484975,2480.353861544348,2456.257392628406,2432.3950192676252,2408.7644672396245,2385.363484415937,2362.18984054737,2339.2413270514508,2316.5157568019354,2294.010963920361,2271.7248035696275,2249.655151749581,2227.7999050945846,2206.156980673056,2184.7243157889507
DAC-SS,Low,1000000000.0,5363.015030266362,5363.015030266362,5363.015030266362,5144.23183968155,3538.2181043448973,3493.6175613245355,3449.5792245840153,3406.0960073060082,3363.160912005132,3320.767029401885,3278.9075373107767,3237.5756995424854,3196.7648648198306,3156.4684657074376,3116.68001755487,3077.393117453105,3038.6014432041416,3000.2987523036177,2962.478880936239,2925.135742983873,2888.2633290461504,2851.855705473406,2815.9070134118188,2780.411467860574,2745.363356740928,2710.7570399769934,2676.586948588117,2642.847583792699,2609.5335161233097,2576.639384552955
DAC-SS,Mid,1000000000.0,5363.015030266362,5363.015030266362,5363.015030266362,5144.23183968155,3538.2181043448973,3493.6175613245355,3449.5792245840153,3406.0960073060082,3363.160912005132,3320.767029401885,3278.9075373107767,3237.5756995424854,3196.7648648198306,3156.4684657074376,3116.68001755487,3077.393117453105,3038.6014432041416,3000.2987523036177,2962.478880936239,2925.135742983873,2888.2633290461504,2851.855705473406,2815.9070134118188,2780.411467860574,2745.363356740928,2710.7570399769934,2676.586948588117,2642.847583792699,2609.5335161233097,2576.639384552955
DAC-SS,High,1000000000.0,5363.015030266362,5363.015030266362,5363.015030266362,5144.23183968155,3538.2181043448973,3493.6175613245355,3449.5792245840153,3406.0960073060082,3363.160912005132,3320.767029401885,3278.9075373107767,3237.5756995424854,3196.7648648198306,3156.4684657074376,3116.68001755487,3077.393117453105,3038.6014432041416,3000.2987523036177,2962.478880936239,2925.135742983873,2888.2633290461504,2851.855705473406,2815.9070134118188,2780.411467860574,2745.363356740928,2710.7570399769934,2676.586948588117,2642.847583792699,2609.5335161233097,2576.639384552955
CCS-Process-Cement,Low,362.0,362.0,362.0,362.0,362.0,362.0,354.76,347.66479999999996,340.711504,333.89727392,327.2193284416,320.674941872768,314.2614430353126,307.97621417460635,301.8166898911142,295.7803560932919,289.8647489714261,284.0674539919975,278.3861049121576,272.8183828139144,267.36201515763616,262.0147748544834,256.7744793573937,251.63898977024584,246.60620997484094,241.6740857753441,236.8406040598372,232.10379197864046,227.46171613906768,222.91248181628634,218.4542321799606
CCS-Process-Cement,Mid,362.0,362.0,362.0,362.0,362.0,362.0,354.76,347.66479999999996,340.711504,333.89727392,327.2193284416,320.674941872768,314.2614430353126,307.97621417460635,301.8166898911142,295.7803560932919,289.8647489714261,284.0674539919975,278.3861049121576,272.8183828139144,267.36201515763616,262.0147748544834,256.7744793573937,251.63898977024584,246.60620997484094,241.6740857753441,236.8406040598372,232.10379197864046,227.46171613906768,222.91248181628634,218.4542321799606
CCS-Process-Cement,High,362.0,362.0,362.0,362.0,362.0,362.0,354.76,347.66479999999996,340.711504,333.89727392,327.2193284416,320.674941872768,314.2614430353126,307.97621417460635,301.8166898911142,295.7803560932919,289.8647489714261,284.0674539919975,278.3861049121576,272.8183828139144,267.36201515763616,262.0147748544834,256.7744793573937,251.63898977024584,246.60620997484094,241.6740857753441,236.8406040598372,232.10379197864046,227.46171613906768,222.91248181628634,218.4542321799606
CCS-Process-Steel,Low,632.0,632.0,632.0,632.0,632.0,632.0,619.36,606.9728,594.8333439999999,582.9366771199999,571.2779435775999,559.8523847060479,548.655337011927,537.6822302716885,526.9285856662547,516.3900139529295,506.062213673871,495.9409694003935,486.0221500123856,476.30170701213785,466.77567287189515,457.4401594144572,448.2913562261681,439.3255291016447,430.5390185196118,421.92823814921957,413.48967338623515,405.2198799185104,397.11548232014025,389.17317267373744,381.38970922026266
CCS-Process-Steel,Mid,632.0,632.0,632.0,632.0,632.0,632.0,619.36,606.9728,594.8333439999999,582.9366771199999,571.2779435775999,559.8523847060479,548.655337011927,537.6822302716885,526.9285856662547,516.3900139529295,506.062213673871,495.9409694003935,486.0221500123856,476.30170701213785,466.77567287189515,457.4401594144572,448.2913562261681,439.3255291016447,430.5390185196118,421.92823814921957,413.48967338623515,405.2198799185104,397.11548232014025,389.17317267373744,381.38970922026266
CCS-Process-Steel,High,632.0,632.0,632.0,632.0,632.0,632.0,619.36,606.9728,594.8333439999999,582.9366771199999,571.2779435775999,559.8523847060479,548.655337011927,537.6822302716885,526.9285856662547,516.3900139529295,506.062213673871,495.9409694003935,486.0221500123856,476.30170701213785,466.77567287189515,457.4401594144572,448.2913562261681,439.3255291016447,430.5390185196118,421.92823814921957,413.48967338623515,405.2198799185104,397.11548232014025,389.17317267373744,381.38970922026266
CCS-Process-Refinery,Low,426.0,426.0,426.0,426.0,426.0,426.0,417.48,409.13039999999995,400.947792,392.92883615999995,385.0702594368,377.36885424806394,369.8214771631027,362.4250476198406,355.1765466674438,348.0730157340949,341.11155541941304,334.28932431102476,327.6035378248042,321.0514670683081,314.630437726942,308.33782897240314,302.17107239295507,296.1276509450959,290.205097926194,284.40099596767016,278.7129760483167,273.13871652735037,267.6759421968034,262.32242335286736,257.07597488580996
CCS-Process-Refinery,Mid,426.0,426.0,426.0,426.0,426.0,426.0,417.48,409.13039999999995,400.947792,392.92883615999995,385.0702594368,377.36885424806394,369.8214771631027,362.4250476198406,355.1765466674438,348.0730157340949,341.11155541941304,334.28932431102476,327.6035378248042,321.0514670683081,314.630437726942,308.33782897240314,302.17107239295507,296.1276509450959,290.205097926194,284.40099596767016,278.7129760483167,273.13871652735037,267.6759421968034,262.32242335286736,257.07597488580996
CCS-Process-Refinery,High,426.0,426.0,426.0,426.0,426.0,426.0,417.48,409.13039999999995,400.947792,392.92883615999995,385.0702594368,377.36885424806394,369.8214771631027,362.4250476198406,355.1765466674438,348.0730157340949,341.11155541941304,334.28932431102476,327.6035378248042,321.0514670683081,314.630437726942,308.33782897240314,302.17107239295507,296.1276509450959,290.205097926194,284.40099596767016,278.7129760483167,273.13871652735037,267.6759421968034,262.32242335286736,257.07597488580996
CCS-Combustion-Cement,Low,362.0,362.0,362.0,362.0,362.0,362.0,354.76,347.66479999999996,340.711504,333.89727392,327.2193284416,320.674941872768,314.2614430353126,307.97621417460635,301.8166898911142,295.7803560932919,289.8647489714261,284.0674539919975,278.3861049121576,272.8183828139144,267.36201515763616,262.0147748544834,256.7744793573937,251.63898977024584,246.60620997484094,241.6740857753441,236.8406040598372,232.10379197864046,227.46171613906768,222.91248181628634,218.4542321799606
CCS-Combustion-Cement,Mid,362.0,362.0,362.0,362.0,362.0,362.0,354.76,347.66479999999996,340.711504,333.89727392,327.2193284416,320.674941872768,314.2614430353126,307.97621417460635,301.8166898911142,295.7803560932919,289.8647489714261,284.0674539919975,278.3861049121576,272.8183828139144,267.36201515763616,262.0147748544834,256.7744793573937,251.63898977024584,246.60620997484094,241.6740857753441,236.8406040598372,232.10379197864046,227.46171613906768,222.91248181628634,218.4542321799606
CCS-Combustion-Cement,High,362.0,362.0,362.0,362.0,362.0,362.0,354.76,347.66479999999996,340.711504,333.89727392,327.2193284416,320.674941872768,314.2614430353126,307.97621417460635,301.8166898911142,295.7803560932919,289.8647489714261,284.0674539919975,278.3861049121576,272.8183828139144,267.36201515763616,262.0147748544834,256.7744793573937,251.63898977024584,246.60620997484094,241.6740857753441,236.8406040598372,232.10379197864046,227.46171613906768,222.91248181628634,218.4542321799606
CCS-Combustion-Steel,Low,632.0,632.0,632.0,632.0,632.0,632.0,619.36,606.9728,594.8333439999999,582.9366771199999,571.2779435775999,559.8523847060479,548.655337011927,537.6822302716885,526.9285856662547,516.3900139529295,506.062213673871,495.9409694003935,486.0221500123856,476.30170701213785,466.77567287189515,457.4401594144572,448.2913562261681,439.3255291016447,430.5390185196118,421.92823814921957,413.48967338623515,405.2198799185104,397.11548232014025,389.17317267373744,381.38970922026266
CCS-Combustion-Steel,Mid,632.0,632.0,632.0,632.0,632.0,632.0,619.36,606.9728,594.8333439999999,582.9366771199999,571.2779435775999,559.8523847060479,548.655337011927,537.6822302716885,526.9285856662547,516.3900139529295,506.062213673871,495.9409694003935,486.0221500123856,476.30170701213785,466.77567287189515,457.4401594144572,448.2913562261681,439.3255291016447,430.5390185196118,421.92823814921957,413.48967338623515,405.2198799185104,397.11548232014025,389.17317267373744,381.38970922026266
CCS-Combustion-Steel,High,632.0,632.0,632.0,632.0,632.0,632.0,619.36,606.9728,594.8333439999999,582.9366771199999,571.2779435775999,559.8523847060479,548.655337011927,537.6822302716885,526.9285856662547,516.3900139529295,506.062213673871,495.9409694003935,486.0221500123856,476.30170701213785,466.77567287189515,457.4401594144572,448.2913562261681,439.3255291016447,430.5390185196118,421.92823814921957,413.48967338623515,405.2198799185104,397.11548232014025,389.17317267373744,381.38970922026266
CCS-Combustion-Refinery,Low,426.0,426.0,426.0,426.0,426.0,426.0,417.48,409.13039999999995,400.947792,392.92883615999995,385.0702594368,377.36885424806394,369.8214771631027,362.4250476198406,355.1765466674438,348.0730157340949,341.11155541941304,334.28932431102476,327.6035378248042,321.0514670683081,314.630437726942,308.33782897240314,302.17107239295507,296.1276509450959,290.205097926194,284.40099596767016,278.7129760483167,273.13871652735037,267.6759421968034,262.32242335286736,257.07597488580996
CCS-Combustion-Refinery,Mid,426.0,426.0,426.0,426.0,426.0,426.0,417.48,409.13039999999995,400.947792,392.92883615999995,385.0702594368,377.36885424806394,369.8214771631027,362.4250476198406,355.1765466674438,348.0730157340949,341.11155541941304,334.28932431102476,327.6035378248042,321.0514670683081,314.630437726942,308.33782897240314,302.17107239295507,296.1276509450959,290.205097926194,284.40099596767016,278.7129760483167,273.13871652735037,267.6759421968034,262.32242335286736,257.07597488580996
CCS-Combustion-Refinery,High,426.0,426.0,426.0,426.0,426.0,426.0,417.48,409.13039999999995,400.947792,392.92883615999995,385.0702594368,377.36885424806394,369.8214771631027,362.4250476198406,355.1765466674438,348.0730157340949,341.11155541941304,334.28932431102476,327.6035378248042,321.0514670683081,314.630437726942,308.33782897240314,302.17107239295507,296.1276509450959,290.205097926194,284.40099596767016,278.7129760483167,273.13871652735037,267.6759421968034,262.32242335286736,257.07597488580996
