Node_ELEC,Node_GAS,CDR_ID,Prime Mover,CDR Type,Industry Service Type,Existing Units,Unit Size [tCO2/h],Max New Units Annual [units/year],Max New Units Total [no.],Pmin [p.u.],Pmax [p.u.],Ramp Down Rate [p.u.],Ramp Up Rate [p.u.],Min Up Time [hours],Min Down Time [hours],Electricity Consumption [MWh/tCO2],Heat Consumption [MWh/tCO2],Minimum Capacity Factor,Maximum Capacity Factor,Carbon Removed [-],Economic Lifetime [years],Lifetime [years],Install Year,Forced Retirement
1,1,DAC-LS-1,DAC-LS,DAC,-,0,0.114155251,14000,70000,1,1,1,1,24,24,0.366666667,1.635802469,0.5,0.9,1,20,20,2050,2050
2,2,DAC-LS-2,DAC-LS,DAC,-,0,0.114155251,14000,70000,1,1,1,1,24,24,0.366666667,1.635802469,0.5,0.9,1,20,20,2050,2050
3,3,DAC-LS-3,DAC-LS,DAC,-,0,0.114155251,14000,70000,1,1,1,1,24,24,0.366666667,1.635802469,0.5,0.9,1,20,20,2050,2050
4,4,DAC-LS-4,DAC-LS,DAC,-,0,0.114155251,14000,70000,1,1,1,1,24,24,0.366666667,1.635802469,0.5,0.9,1,20,20,2050,2050
5,5,DAC-LS-5,DAC-LS,DAC,-,0,0.114155251,14000,70000,1,1,1,1,24,24,0.366666667,1.635802469,0.5,0.9,1,20,20,2050,2050
6,6,DAC-LS-6,DAC-LS,DAC,-,0,0.114155251,14000,70000,1,1,1,1,24,24,0.366666667,1.635802469,0.5,0.9,1,20,20,2050,2050
7,7,DAC-LS-7,DAC-LS,DAC,-,0,0.114155251,14000,70000,1,1,1,1,24,24,0.366666667,1.635802469,0.5,0.9,1,20,20,2050,2050
8,8,DAC-LS-8,DAC-LS,DAC,-,0,0.114155251,14000,70000,1,1,1,1,24,24,0.366666667,1.635802469,0.5,0.9,1,20,20,2050,2050
9,9,DAC-LS-9,DAC-LS,DAC,-,0,0.114155251,14000,70000,1,1,1,1,24,24,0.366666667,1.635802469,0.5,0.9,1,20,20,2050,2050
10,10,DAC-LS-10,DAC-LS,DAC,-,0,0.114155251,14000,70000,1,1,1,1,24,24,0.366666667,1.635802469,0.5,0.9,1,20,20,2050,2050
11,11,DAC-LS-11,DAC-LS,DAC,-,0,0.114155251,14000,70000,1,1,1,1,24,24,0.366666667,1.635802469,0.5,0.9,1,20,20,2050,2050
12,12,DAC-LS-12,DAC-LS,DAC,-,0,0.114155251,14000,70000,1,1,1,1,24,24,0.366666667,1.635802469,0.5,0.9,1,20,20,2050,2050
13,13,DAC-LS-13,DAC-LS,DAC,-,0,0.114155251,14000,70000,1,1,1,1,24,24,0.366666667,1.635802469,0.5,0.9,1,20,20,2050,2050
14,14,DAC-LS-14,DAC-LS,DAC,-,0,0.114155251,14000,70000,1,1,1,1,24,24,0.366666667,1.635802469,0.5,0.9,1,20,20,2050,2050
15,15,DAC-LS-15,DAC-LS,DAC,-,0,0.114155251,14000,70000,1,1,1,1,24,24,0.366666667,1.635802469,0.5,0.9,1,20,20,2050,2050
16,16,DAC-LS-16,DAC-LS,DAC,-,0,0.114155251,14000,70000,1,1,1,1,24,24,0.366666667,1.635802469,0.5,0.9,1,20,20,2050,2050
1,1,DAC-SS-1,DAC-SS,DAC,-,0,0.114155251,14000,70000,1,1,1,1,24,24,0.275,3.024691358,0.75,0.9,1,20,20,2050,2050
2,2,DAC-SS-2,DAC-SS,DAC,-,0,0.114155251,14000,70000,1,1,1,1,24,24,0.275,3.024691358,0.75,0.9,1,20,20,2050,2050
3,3,DAC-SS-3,DAC-SS,DAC,-,0,0.114155251,14000,70000,1,1,1,1,24,24,0.275,3.024691358,0.75,0.9,1,20,20,2050,2050
4,4,DAC-SS-4,DAC-SS,DAC,-,0,0.114155251,14000,70000,1,1,1,1,24,24,0.275,3.024691358,0.75,0.9,1,20,20,2050,2050
5,5,DAC-SS-5,DAC-SS,DAC,-,0,0.114155251,14000,70000,1,1,1,1,24,24,0.275,3.024691358,0.75,0.9,1,20,20,2050,2050
6,6,DAC-SS-6,DAC-SS,DAC,-,0,0.114155251,14000,70000,1,1,1,1,24,24,0.275,3.024691358,0.75,0.9,1,20,20,2050,2050
7,7,DAC-SS-7,DAC-SS,DAC,-,0,0.114155251,14000,70000,1,1,1,1,24,24,0.275,3.024691358,0.75,0.9,1,20,20,2050,2050
8,8,DAC-SS-8,DAC-SS,DAC,-,0,0.114155251,14000,70000,1,1,1,1,24,24,0.275,3.024691358,0.75,0.9,1,20,20,2050,2050
9,9,DAC-SS-9,DAC-SS,DAC,-,0,0.114155251,14000,70000,1,1,1,1,24,24,0.275,3.024691358,0.75,0.9,1,20,20,2050,2050
10,10,DAC-SS-10,DAC-SS,DAC,-,0,0.114155251,14000,70000,1,1,1,1,24,24,0.275,3.024691358,0.75,0.9,1,20,20,2050,2050
11,11,DAC-SS-11,DAC-SS,DAC,-,0,0.114155251,14000,70000,1,1,1,1,24,24,0.275,3.024691358,0.75,0.9,1,20,20,2050,2050
12,12,DAC-SS-12,DAC-SS,DAC,-,0,0.114155251,14000,70000,1,1,1,1,24,24,0.275,3.024691358,0.75,0.9,1,20,20,2050,2050
13,13,DAC-SS-13,DAC-SS,DAC,-,0,0.114155251,14000,70000,1,1,1,1,24,24,0.275,3.024691358,0.75,0.9,1,20,20,2050,2050
14,14,DAC-SS-14,DAC-SS,DAC,-,0,0.114155251,14000,70000,1,1,1,1,24,24,0.275,3.024691358,0.75,0.9,1,20,20,2050,2050
15,15,DAC-SS-15,DAC-SS,DAC,-,0,0.114155251,14000,70000,1,1,1,1,24,24,0.275,3.024691358,0.75,0.9,1,20,20,2050,2050
16,16,DAC-SS-16,DAC-SS,DAC,-,0,0.114155251,14000,70000,1,1,1,1,24,24,0.275,3.024691358,0.75,0.9,1,20,20,2050,2050
1,1,CCS-GasUse-1,CCS-Combustion-Cement,CCS-GasUse,-,0,0.114155251,14000,70000,1,1,1,1,24,24,0.098938716,0.881847148,0.75,0.85,0.9,20,20,2050,2050
2,2,CCS-GasUse-2,CCS-Combustion-Cement,CCS-GasUse,-,0,0.114155251,14000,70000,1,1,1,1,24,24,0.098938716,0.881847148,0.75,0.85,0.9,20,20,2050,2050
3,3,CCS-GasUse-3,CCS-Combustion-Cement,CCS-GasUse,-,0,0.114155251,14000,70000,1,1,1,1,24,24,0.098938716,0.881847148,0.75,0.85,0.9,20,20,2050,2050
4,4,CCS-GasUse-4,CCS-Combustion-Cement,CCS-GasUse,-,0,0.114155251,14000,70000,1,1,1,1,24,24,0.098938716,0.881847148,0.75,0.85,0.9,20,20,2050,2050
5,5,CCS-GasUse-5,CCS-Combustion-Cement,CCS-GasUse,-,0,0.114155251,14000,70000,1,1,1,1,24,24,0.098938716,0.881847148,0.75,0.85,0.9,20,20,2050,2050
6,6,CCS-GasUse-6,CCS-Combustion-Cement,CCS-GasUse,-,0,0.114155251,14000,70000,1,1,1,1,24,24,0.098938716,0.881847148,0.75,0.85,0.9,20,20,2050,2050
7,7,CCS-GasUse-7,CCS-Combustion-Cement,CCS-GasUse,-,0,0.114155251,14000,70000,1,1,1,1,24,24,0.098938716,0.881847148,0.75,0.85,0.9,20,20,2050,2050
8,8,CCS-GasUse-8,CCS-Combustion-Cement,CCS-GasUse,-,0,0.114155251,14000,70000,1,1,1,1,24,24,0.098938716,0.881847148,0.75,0.85,0.9,20,20,2050,2050
9,9,CCS-GasUse-9,CCS-Combustion-Cement,CCS-GasUse,-,0,0.114155251,14000,70000,1,1,1,1,24,24,0.098938716,0.881847148,0.75,0.85,0.9,20,20,2050,2050
10,10,CCS-GasUse-10,CCS-Combustion-Cement,CCS-GasUse,-,0,0.114155251,14000,70000,1,1,1,1,24,24,0.098938716,0.881847148,0.75,0.85,0.9,20,20,2050,2050
11,11,CCS-GasUse-11,CCS-Combustion-Cement,CCS-GasUse,-,0,0.114155251,14000,70000,1,1,1,1,24,24,0.098938716,0.881847148,0.75,0.85,0.9,20,20,2050,2050
12,12,CCS-GasUse-12,CCS-Combustion-Cement,CCS-GasUse,-,0,0.114155251,14000,70000,1,1,1,1,24,24,0.098938716,0.881847148,0.75,0.85,0.9,20,20,2050,2050
13,13,CCS-GasUse-13,CCS-Combustion-Cement,CCS-GasUse,-,0,0.114155251,14000,70000,1,1,1,1,24,24,0.098938716,0.881847148,0.75,0.85,0.9,20,20,2050,2050
14,14,CCS-GasUse-14,CCS-Combustion-Cement,CCS-GasUse,-,0,0.114155251,14000,70000,1,1,1,1,24,24,0.098938716,0.881847148,0.75,0.85,0.9,20,20,2050,2050
15,15,CCS-GasUse-15,CCS-Combustion-Cement,CCS-GasUse,-,0,0.114155251,14000,70000,1,1,1,1,24,24,0.098938716,0.881847148,0.75,0.85,0.9,20,20,2050,2050
16,16,CCS-GasUse-16,CCS-Combustion-Cement,CCS-GasUse,-,0,0.114155251,14000,70000,1,1,1,1,24,24,0.098938716,0.881847148,0.75,0.85,0.9,20,20,2050,2050
1,1,CCS-Process-Cement-1,CCS-Process-Cement,CCS-Process,-,0,0.114155251,0,0,1,1,1,1,24,24,0.098938716,0.881847148,0.75,0.85,0.9,20,20,2050,2050
2,2,CCS-Process-Cement-2,CCS-Process-Cement,CCS-Process,-,0,0.114155251,0,0,1,1,1,1,24,24,0.098938716,0.881847148,0.75,0.85,0.9,20,20,2050,2050
3,3,CCS-Process-Cement-3,CCS-Process-Cement,CCS-Process,-,0,0.114155251,194.187112,970.93556,1,1,1,1,24,24,0.098938716,0.881847148,0.75,0.85,0.9,20,20,2050,2050
4,4,CCS-Process-Cement-4,CCS-Process-Cement,CCS-Process,-,0,0.114155251,0,0,1,1,1,1,24,24,0.098938716,0.881847148,0.75,0.85,0.9,20,20,2050,2050
5,5,CCS-Process-Cement-5,CCS-Process-Cement,CCS-Process,-,0,0.114155251,0,0,1,1,1,1,24,24,0.098938716,0.881847148,0.75,0.85,0.9,20,20,2050,2050
6,6,CCS-Process-Cement-6,CCS-Process-Cement,CCS-Process,-,0,0.114155251,615.6722695,3078.361347,1,1,1,1,24,24,0.098938716,0.881847148,0.75,0.85,0.9,20,20,2050,2050
7,7,CCS-Process-Cement-7,CCS-Process-Cement,CCS-Process,-,0,0.114155251,0,0,1,1,1,1,24,24,0.098938716,0.881847148,0.75,0.85,0.9,20,20,2050,2050
8,8,CCS-Process-Cement-8,CCS-Process-Cement,CCS-Process,-,0,0.114155251,3.709247059,18.54623529,1,1,1,1,24,24,0.098938716,0.881847148,0.75,0.85,0.9,20,20,2050,2050
9,9,CCS-Process-Cement-9,CCS-Process-Cement,CCS-Process,-,0,0.114155251,0,0,1,1,1,1,24,24,0.098938716,0.881847148,0.75,0.85,0.9,20,20,2050,2050
10,10,CCS-Process-Cement-10,CCS-Process-Cement,CCS-Process,-,0,0.114155251,14.83311812,74.16559059,1,1,1,1,24,24,0.098938716,0.881847148,0.75,0.85,0.9,20,20,2050,2050
11,11,CCS-Process-Cement-11,CCS-Process-Cement,CCS-Process,-,0,0.114155251,62.81840471,314.0920235,1,1,1,1,24,24,0.098938716,0.881847148,0.75,0.85,0.9,20,20,2050,2050
12,12,CCS-Process-Cement-12,CCS-Process-Cement,CCS-Process,-,0,0.114155251,348.9123774,1744.561887,1,1,1,1,24,24,0.098938716,0.881847148,0.75,0.85,0.9,20,20,2050,2050
13,13,CCS-Process-Cement-13,CCS-Process-Cement,CCS-Process,-,0,0.114155251,17.35385412,86.76927059,1,1,1,1,24,24,0.098938716,0.881847148,0.75,0.85,0.9,20,20,2050,2050
14,14,CCS-Process-Cement-14,CCS-Process-Cement,CCS-Process,-,0,0.114155251,766.3682595,3831.841297,1,1,1,1,24,24,0.098938716,0.881847148,0.75,0.85,0.9,20,20,2050,2050
15,15,CCS-Process-Cement-15,CCS-Process-Cement,CCS-Process,-,0,0.114155251,3.467082353,17.33541176,1,1,1,1,24,24,0.098938716,0.881847148,0.75,0.85,0.9,20,20,2050,2050
16,16,CCS-Process-Cement-16,CCS-Process-Cement,CCS-Process,-,0,0.114155251,223.2256714,1116.128357,1,1,1,1,24,24,0.098938716,0.881847148,0.75,0.85,0.9,20,20,2050,2050
1,1,CCS-Process-Steel-1,CCS-Process-Steel,CCS-Process,-,0,0.114155251,0,0,1,1,1,1,24,24,0.09860258,1.770170848,0.75,0.85,0.9,20,20,2050,2050
2,2,CCS-Process-Steel-2,CCS-Process-Steel,CCS-Process,-,0,0.114155251,0,0,1,1,1,1,24,24,0.09860258,1.770170848,0.75,0.85,0.9,20,20,2050,2050
3,3,CCS-Process-Steel-3,CCS-Process-Steel,CCS-Process,-,0,0.114155251,0,0,1,1,1,1,24,24,0.09860258,1.770170848,0.75,0.85,0.9,20,20,2050,2050
4,4,CCS-Process-Steel-4,CCS-Process-Steel,CCS-Process,-,0,0.114155251,0,0,1,1,1,1,24,24,0.09860258,1.770170848,0.75,0.85,0.9,20,20,2050,2050
5,5,CCS-Process-Steel-5,CCS-Process-Steel,CCS-Process,-,0,0.114155251,0,0,1,1,1,1,24,24,0.09860258,1.770170848,0.75,0.85,0.9,20,20,2050,2050
6,6,CCS-Process-Steel-6,CCS-Process-Steel,CCS-Process,-,0,0.114155251,0,0,1,1,1,1,24,24,0.09860258,1.770170848,0.75,0.85,0.9,20,20,2050,2050
7,7,CCS-Process-Steel-7,CCS-Process-Steel,CCS-Process,-,0,0.114155251,0,0,1,1,1,1,24,24,0.09860258,1.770170848,0.75,0.85,0.9,20,20,2050,2050
8,8,CCS-Process-Steel-8,CCS-Process-Steel,CCS-Process,-,0,0.114155251,0,0,1,1,1,1,24,24,0.09860258,1.770170848,0.75,0.85,0.9,20,20,2050,2050
9,9,CCS-Process-Steel-9,CCS-Process-Steel,CCS-Process,-,0,0.114155251,0,0,1,1,1,1,24,24,0.09860258,1.770170848,0.75,0.85,0.9,20,20,2050,2050
10,10,CCS-Process-Steel-10,CCS-Process-Steel,CCS-Process,-,0,0.114155251,0,0,1,1,1,1,24,24,0.09860258,1.770170848,0.75,0.85,0.9,20,20,2050,2050
11,11,CCS-Process-Steel-11,CCS-Process-Steel,CCS-Process,-,0,0.114155251,0,0,1,1,1,1,24,24,0.09860258,1.770170848,0.75,0.85,0.9,20,20,2050,2050
12,12,CCS-Process-Steel-12,CCS-Process-Steel,CCS-Process,-,0,0.114155251,0,0,1,1,1,1,24,24,0.09860258,1.770170848,0.75,0.85,0.9,20,20,2050,2050
13,13,CCS-Process-Steel-13,CCS-Process-Steel,CCS-Process,-,0,0.114155251,0,0,1,1,1,1,24,24,0.09860258,1.770170848,0.75,0.85,0.9,20,20,2050,2050
14,14,CCS-Process-Steel-14,CCS-Process-Steel,CCS-Process,-,0,0.114155251,0,0,1,1,1,1,24,24,0.09860258,1.770170848,0.75,0.85,0.9,20,20,2050,2050
15,15,CCS-Process-Steel-15,CCS-Process-Steel,CCS-Process,-,0,0.114155251,0,0,1,1,1,1,24,24,0.09860258,1.770170848,0.75,0.85,0.9,20,20,2050,2050
16,16,CCS-Process-Steel-16,CCS-Process-Steel,CCS-Process,-,0,0.114155251,0,0,1,1,1,1,24,24,0.09860258,1.770170848,0.75,0.85,0.9,20,20,2050,2050
1,1,CCS-Process-Refinery-1,CCS-Process-Refinery,CCS-Process,-,0,0.114155251,0,0,1,1,1,1,24,24,0.082590231,0.581654306,0.75,0.85,0.9,20,20,2050,2050
2,2,CCS-Process-Refinery-2,CCS-Process-Refinery,CCS-Process,-,0,0.114155251,0,0,1,1,1,1,24,24,0.082590231,0.581654306,0.75,0.85,0.9,20,20,2050,2050
3,3,CCS-Process-Refinery-3,CCS-Process-Refinery,CCS-Process,-,0,0.114155251,480.5042866,2402.521433,1,1,1,1,24,24,0.082590231,0.581654306,0.75,0.85,0.9,20,20,2050,2050
4,4,CCS-Process-Refinery-4,CCS-Process-Refinery,CCS-Process,-,0,0.114155251,0,0,1,1,1,1,24,24,0.082590231,0.581654306,0.75,0.85,0.9,20,20,2050,2050
5,5,CCS-Process-Refinery-5,CCS-Process-Refinery,CCS-Process,-,0,0.114155251,0.547129412,2.735647059,1,1,1,1,24,24,0.082590231,0.581654306,0.75,0.85,0.9,20,20,2050,2050
6,6,CCS-Process-Refinery-6,CCS-Process-Refinery,CCS-Process,-,0,0.114155251,1146.587859,5732.939296,1,1,1,1,24,24,0.082590231,0.581654306,0.75,0.85,0.9,20,20,2050,2050
7,7,CCS-Process-Refinery-7,CCS-Process-Refinery,CCS-Process,-,0,0.114155251,0,0,1,1,1,1,24,24,0.082590231,0.581654306,0.75,0.85,0.9,20,20,2050,2050
8,8,CCS-Process-Refinery-8,CCS-Process-Refinery,CCS-Process,-,0,0.114155251,0.298708235,1.493541176,1,1,1,1,24,24,0.082590231,0.581654306,0.75,0.85,0.9,20,20,2050,2050
9,9,CCS-Process-Refinery-9,CCS-Process-Refinery,CCS-Process,-,0,0.114155251,0,0,1,1,1,1,24,24,0.082590231,0.581654306,0.75,0.85,0.9,20,20,2050,2050
10,10,CCS-Process-Refinery-10,CCS-Process-Refinery,CCS-Process,-,0,0.114155251,0,0,1,1,1,1,24,24,0.082590231,0.581654306,0.75,0.85,0.9,20,20,2050,2050
11,11,CCS-Process-Refinery-11,CCS-Process-Refinery,CCS-Process,-,0,0.114155251,0,0,1,1,1,1,24,24,0.082590231,0.581654306,0.75,0.85,0.9,20,20,2050,2050
12,12,CCS-Process-Refinery-12,CCS-Process-Refinery,CCS-Process,-,0,0.114155251,537.9876936,2689.938468,1,1,1,1,24,24,0.082590231,0.581654306,0.75,0.85,0.9,20,20,2050,2050
13,13,CCS-Process-Refinery-13,CCS-Process-Refinery,CCS-Process,-,0,0.114155251,9.637364235,48.18682118,1,1,1,1,24,24,0.082590231,0.581654306,0.75,0.85,0.9,20,20,2050,2050
14,14,CCS-Process-Refinery-14,CCS-Process-Refinery,CCS-Process,-,0,0.114155251,0,0,1,1,1,1,24,24,0.082590231,0.581654306,0.75,0.85,0.9,20,20,2050,2050
15,15,CCS-Process-Refinery-15,CCS-Process-Refinery,CCS-Process,-,0,0.114155251,0,0,1,1,1,1,24,24,0.082590231,0.581654306,0.75,0.85,0.9,20,20,2050,2050
16,16,CCS-Process-Refinery-16,CCS-Process-Refinery,CCS-Process,-,0,0.114155251,0,0,1,1,1,1,24,24,0.082590231,0.581654306,0.75,0.85,0.9,20,20,2050,2050
1,1,CCS-Combustion-Cement-1-T1600.0,CCS-Combustion-Cement,CCS-Combustion,T1600.0,0,0.114155251,0,0,1,1,1,1,24,24,0.098938716,0.881847148,0.75,0.85,0.9,20,20,2050,2050
1,1,CCS-Combustion-Cement-1-T1000.0,CCS-Combustion-Cement,CCS-Combustion,T1000.0,0,0.114155251,0,0,1,1,1,1,24,24,0.098938716,0.881847148,0.75,0.85,0.9,20,20,2050,2050
1,1,CCS-Combustion-Cement-1-T100.0,CCS-Combustion-Cement,CCS-Combustion,T100.0,0,0.114155251,0,0,1,1,1,1,24,24,0.098938716,0.881847148,0.75,0.85,0.9,20,20,2050,2050
2,2,CCS-Combustion-Cement-2-T1600.0,CCS-Combustion-Cement,CCS-Combustion,T1600.0,0,0.114155251,0,0,1,1,1,1,24,24,0.098938716,0.881847148,0.75,0.85,0.9,20,20,2050,2050
2,2,CCS-Combustion-Cement-2-T1000.0,CCS-Combustion-Cement,CCS-Combustion,T1000.0,0,0.114155251,0,0,1,1,1,1,24,24,0.098938716,0.881847148,0.75,0.85,0.9,20,20,2050,2050
2,2,CCS-Combustion-Cement-2-T100.0,CCS-Combustion-Cement,CCS-Combustion,T100.0,0,0.114155251,0,0,1,1,1,1,24,24,0.098938716,0.881847148,0.75,0.85,0.9,20,20,2050,2050
3,3,CCS-Combustion-Cement-3-T1600.0,CCS-Combustion-Cement,CCS-Combustion,T1600.0,0,0.114155251,14.67675981,73.38379903,1,1,1,1,24,24,0.098938716,0.881847148,0.75,0.85,0.9,20,20,2050,2050
3,3,CCS-Combustion-Cement-3-T1000.0,CCS-Combustion-Cement,CCS-Combustion,T1000.0,0,0.114155251,52.32873996,261.6436998,1,1,1,1,24,24,0.098938716,0.881847148,0.75,0.85,0.9,20,20,2050,2050
3,3,CCS-Combustion-Cement-3-T100.0,CCS-Combustion-Cement,CCS-Combustion,T100.0,0,0.114155251,0,0,1,1,1,1,24,24,0.098938716,0.881847148,0.75,0.85,0.9,20,20,2050,2050
4,4,CCS-Combustion-Cement-4-T1600.0,CCS-Combustion-Cement,CCS-Combustion,T1600.0,0,0.114155251,0.002960821,0.014804104,1,1,1,1,24,24,0.098938716,0.881847148,0.75,0.85,0.9,20,20,2050,2050
4,4,CCS-Combustion-Cement-4-T1000.0,CCS-Combustion-Cement,CCS-Combustion,T1000.0,0,0.114155251,62.76891298,313.8445649,1,1,1,1,24,24,0.098938716,0.881847148,0.75,0.85,0.9,20,20,2050,2050
4,4,CCS-Combustion-Cement-4-T100.0,CCS-Combustion-Cement,CCS-Combustion,T100.0,0,0.114155251,15.63165561,78.15827807,1,1,1,1,24,24,0.098938716,0.881847148,0.75,0.85,0.9,20,20,2050,2050
5,5,CCS-Combustion-Cement-5-T1600.0,CCS-Combustion-Cement,CCS-Combustion,T1600.0,0,0.114155251,0,0,1,1,1,1,24,24,0.098938716,0.881847148,0.75,0.85,0.9,20,20,2050,2050
5,5,CCS-Combustion-Cement-5-T1000.0,CCS-Combustion-Cement,CCS-Combustion,T1000.0,0,0.114155251,0,0,1,1,1,1,24,24,0.098938716,0.881847148,0.75,0.85,0.9,20,20,2050,2050
5,5,CCS-Combustion-Cement-5-T100.0,CCS-Combustion-Cement,CCS-Combustion,T100.0,0,0.114155251,0,0,1,1,1,1,24,24,0.098938716,0.881847148,0.75,0.85,0.9,20,20,2050,2050
6,6,CCS-Combustion-Cement-6-T1600.0,CCS-Combustion-Cement,CCS-Combustion,T1600.0,0,0.114155251,37.38156977,186.9078488,1,1,1,1,24,24,0.098938716,0.881847148,0.75,0.85,0.9,20,20,2050,2050
6,6,CCS-Combustion-Cement-6-T1000.0,CCS-Combustion-Cement,CCS-Combustion,T1000.0,0,0.114155251,78.34435299,391.7217649,1,1,1,1,24,24,0.098938716,0.881847148,0.75,0.85,0.9,20,20,2050,2050
6,6,CCS-Combustion-Cement-6-T100.0,CCS-Combustion-Cement,CCS-Combustion,T100.0,0,0.114155251,21.49073013,107.4536507,1,1,1,1,24,24,0.098938716,0.881847148,0.75,0.85,0.9,20,20,2050,2050
7,7,CCS-Combustion-Cement-7-T1600.0,CCS-Combustion-Cement,CCS-Combustion,T1600.0,0,0.114155251,0,0,1,1,1,1,24,24,0.098938716,0.881847148,0.75,0.85,0.9,20,20,2050,2050
7,7,CCS-Combustion-Cement-7-T1000.0,CCS-Combustion-Cement,CCS-Combustion,T1000.0,0,0.114155251,19.94536759,99.72683796,1,1,1,1,24,24,0.098938716,0.881847148,0.75,0.85,0.9,20,20,2050,2050
7,7,CCS-Combustion-Cement-7-T100.0,CCS-Combustion-Cement,CCS-Combustion,T100.0,0,0.114155251,14.23293829,71.16469145,1,1,1,1,24,24,0.098938716,0.881847148,0.75,0.85,0.9,20,20,2050,2050
8,8,CCS-Combustion-Cement-8-T1600.0,CCS-Combustion-Cement,CCS-Combustion,T1600.0,0,0.114155251,13.43390171,67.16950854,1,1,1,1,24,24,0.098938716,0.881847148,0.75,0.85,0.9,20,20,2050,2050
8,8,CCS-Combustion-Cement-8-T1000.0,CCS-Combustion-Cement,CCS-Combustion,T1000.0,0,0.114155251,26.04510498,130.2255249,1,1,1,1,24,24,0.098938716,0.881847148,0.75,0.85,0.9,20,20,2050,2050
8,8,CCS-Combustion-Cement-8-T100.0,CCS-Combustion-Cement,CCS-Combustion,T100.0,0,0.114155251,0.81873449,4.093672448,1,1,1,1,24,24,0.098938716,0.881847148,0.75,0.85,0.9,20,20,2050,2050
9,9,CCS-Combustion-Cement-9-T1600.0,CCS-Combustion-Cement,CCS-Combustion,T1600.0,0,0.114155251,0,0,1,1,1,1,24,24,0.098938716,0.881847148,0.75,0.85,0.9,20,20,2050,2050
9,9,CCS-Combustion-Cement-9-T1000.0,CCS-Combustion-Cement,CCS-Combustion,T1000.0,0,0.114155251,2.226062824,11.13031412,1,1,1,1,24,24,0.098938716,0.881847148,0.75,0.85,0.9,20,20,2050,2050
9,9,CCS-Combustion-Cement-9-T100.0,CCS-Combustion-Cement,CCS-Combustion,T100.0,0,0.114155251,5.474431294,27.37215647,1,1,1,1,24,24,0.098938716,0.881847148,0.75,0.85,0.9,20,20,2050,2050
10,10,CCS-Combustion-Cement-10-T1600.0,CCS-Combustion-Cement,CCS-Combustion,T1600.0,0,0.114155251,0.901895115,4.509475576,1,1,1,1,24,24,0.098938716,0.881847148,0.75,0.85,0.9,20,20,2050,2050
10,10,CCS-Combustion-Cement-10-T1000.0,CCS-Combustion-Cement,CCS-Combustion,T1000.0,0,0.114155251,12.32638081,61.63190405,1,1,1,1,24,24,0.098938716,0.881847148,0.75,0.85,0.9,20,20,2050,2050
10,10,CCS-Combustion-Cement-10-T100.0,CCS-Combustion-Cement,CCS-Combustion,T100.0,0,0.114155251,39.58872361,197.943618,1,1,1,1,24,24,0.098938716,0.881847148,0.75,0.85,0.9,20,20,2050,2050
11,11,CCS-Combustion-Cement-11-T1600.0,CCS-Combustion-Cement,CCS-Combustion,T1600.0,0,0.114155251,35.01750679,175.087534,1,1,1,1,24,24,0.098938716,0.881847148,0.75,0.85,0.9,20,20,2050,2050
11,11,CCS-Combustion-Cement-11-T1000.0,CCS-Combustion-Cement,CCS-Combustion,T1000.0,0,0.114155251,16.87893658,84.39468289,1,1,1,1,24,24,0.098938716,0.881847148,0.75,0.85,0.9,20,20,2050,2050
11,11,CCS-Combustion-Cement-11-T100.0,CCS-Combustion-Cement,CCS-Combustion,T100.0,0,0.114155251,18.42741075,92.13705374,1,1,1,1,24,24,0.098938716,0.881847148,0.75,0.85,0.9,20,20,2050,2050
12,12,CCS-Combustion-Cement-12-T1600.0,CCS-Combustion-Cement,CCS-Combustion,T1600.0,0,0.114155251,54.1129756,270.564878,1,1,1,1,24,24,0.098938716,0.881847148,0.75,0.85,0.9,20,20,2050,2050
12,12,CCS-Combustion-Cement-12-T1000.0,CCS-Combustion-Cement,CCS-Combustion,T1000.0,0,0.114155251,141.4503573,707.2517866,1,1,1,1,24,24,0.098938716,0.881847148,0.75,0.85,0.9,20,20,2050,2050
12,12,CCS-Combustion-Cement-12-T100.0,CCS-Combustion-Cement,CCS-Combustion,T100.0,0,0.114155251,150.9668073,754.8340366,1,1,1,1,24,24,0.098938716,0.881847148,0.75,0.85,0.9,20,20,2050,2050
13,13,CCS-Combustion-Cement-13-T1600.0,CCS-Combustion-Cement,CCS-Combustion,T1600.0,0,0.114155251,35.34293461,176.7146731,1,1,1,1,24,24,0.098938716,0.881847148,0.75,0.85,0.9,20,20,2050,2050
13,13,CCS-Combustion-Cement-13-T1000.0,CCS-Combustion-Cement,CCS-Combustion,T1000.0,0,0.114155251,609.272303,3046.361515,1,1,1,1,24,24,0.098938716,0.881847148,0.75,0.85,0.9,20,20,2050,2050
13,13,CCS-Combustion-Cement-13-T100.0,CCS-Combustion-Cement,CCS-Combustion,T100.0,0,0.114155251,112.3677789,561.8388944,1,1,1,1,24,24,0.098938716,0.881847148,0.75,0.85,0.9,20,20,2050,2050
14,14,CCS-Combustion-Cement-14-T1600.0,CCS-Combustion-Cement,CCS-Combustion,T1600.0,0,0.114155251,426.9542187,2134.771094,1,1,1,1,24,24,0.098938716,0.881847148,0.75,0.85,0.9,20,20,2050,2050
14,14,CCS-Combustion-Cement-14-T1000.0,CCS-Combustion-Cement,CCS-Combustion,T1000.0,0,0.114155251,85.52096603,427.6048301,1,1,1,1,24,24,0.098938716,0.881847148,0.75,0.85,0.9,20,20,2050,2050
14,14,CCS-Combustion-Cement-14-T100.0,CCS-Combustion-Cement,CCS-Combustion,T100.0,0,0.114155251,0,0,1,1,1,1,24,24,0.098938716,0.881847148,0.75,0.85,0.9,20,20,2050,2050
15,15,CCS-Combustion-Cement-15-T1600.0,CCS-Combustion-Cement,CCS-Combustion,T1600.0,0,0.114155251,0,0,1,1,1,1,24,24,0.098938716,0.881847148,0.75,0.85,0.9,20,20,2050,2050
15,15,CCS-Combustion-Cement-15-T1000.0,CCS-Combustion-Cement,CCS-Combustion,T1000.0,0,0.114155251,17.99994107,89.99970534,1,1,1,1,24,24,0.098938716,0.881847148,0.75,0.85,0.9,20,20,2050,2050
15,15,CCS-Combustion-Cement-15-T100.0,CCS-Combustion-Cement,CCS-Combustion,T100.0,0,0.114155251,14.44716481,72.23582407,1,1,1,1,24,24,0.098938716,0.881847148,0.75,0.85,0.9,20,20,2050,2050
16,16,CCS-Combustion-Cement-16-T1600.0,CCS-Combustion-Cement,CCS-Combustion,T1600.0,0,0.114155251,123.9064712,619.5323562,1,1,1,1,24,24,0.098938716,0.881847148,0.75,0.85,0.9,20,20,2050,2050
16,16,CCS-Combustion-Cement-16-T1000.0,CCS-Combustion-Cement,CCS-Combustion,T1000.0,0,0.114155251,24.79821167,123.9910584,1,1,1,1,24,24,0.098938716,0.881847148,0.75,0.85,0.9,20,20,2050,2050
16,16,CCS-Combustion-Cement-16-T100.0,CCS-Combustion-Cement,CCS-Combustion,T100.0,0,0.114155251,0,0,1,1,1,1,24,24,0.098938716,0.881847148,0.75,0.85,0.9,20,20,2050,2050
1,1,CCS-Combustion-Steel-1-T1600.0,CCS-Combustion-Steel,CCS-Combustion,T1600.0,0,0.114155251,0,0,1,1,1,1,24,24,0.09860258,1.770170848,0.75,0.85,0.9,20,20,2050,2050
1,1,CCS-Combustion-Steel-1-T1000.0,CCS-Combustion-Steel,CCS-Combustion,T1000.0,0,0.114155251,0,0,1,1,1,1,24,24,0.09860258,1.770170848,0.75,0.85,0.9,20,20,2050,2050
1,1,CCS-Combustion-Steel-1-T100.0,CCS-Combustion-Steel,CCS-Combustion,T100.0,0,0.114155251,0,0,1,1,1,1,24,24,0.09860258,1.770170848,0.75,0.85,0.9,20,20,2050,2050
2,2,CCS-Combustion-Steel-2-T1600.0,CCS-Combustion-Steel,CCS-Combustion,T1600.0,0,0.114155251,0,0,1,1,1,1,24,24,0.09860258,1.770170848,0.75,0.85,0.9,20,20,2050,2050
2,2,CCS-Combustion-Steel-2-T1000.0,CCS-Combustion-Steel,CCS-Combustion,T1000.0,0,0.114155251,0,0,1,1,1,1,24,24,0.09860258,1.770170848,0.75,0.85,0.9,20,20,2050,2050
2,2,CCS-Combustion-Steel-2-T100.0,CCS-Combustion-Steel,CCS-Combustion,T100.0,0,0.114155251,0,0,1,1,1,1,24,24,0.09860258,1.770170848,0.75,0.85,0.9,20,20,2050,2050
3,3,CCS-Combustion-Steel-3-T1600.0,CCS-Combustion-Steel,CCS-Combustion,T1600.0,0,0.114155251,2.962873043,14.81436521,1,1,1,1,24,24,0.09860258,1.770170848,0.75,0.85,0.9,20,20,2050,2050
3,3,CCS-Combustion-Steel-3-T1000.0,CCS-Combustion-Steel,CCS-Combustion,T1000.0,0,0.114155251,6.804068134,34.02034067,1,1,1,1,24,24,0.09860258,1.770170848,0.75,0.85,0.9,20,20,2050,2050
3,3,CCS-Combustion-Steel-3-T100.0,CCS-Combustion-Steel,CCS-Combustion,T100.0,0,0.114155251,0,0,1,1,1,1,24,24,0.09860258,1.770170848,0.75,0.85,0.9,20,20,2050,2050
4,4,CCS-Combustion-Steel-4-T1600.0,CCS-Combustion-Steel,CCS-Combustion,T1600.0,0,0.114155251,0,0,1,1,1,1,24,24,0.09860258,1.770170848,0.75,0.85,0.9,20,20,2050,2050
4,4,CCS-Combustion-Steel-4-T1000.0,CCS-Combustion-Steel,CCS-Combustion,T1000.0,0,0.114155251,0,0,1,1,1,1,24,24,0.09860258,1.770170848,0.75,0.85,0.9,20,20,2050,2050
4,4,CCS-Combustion-Steel-4-T100.0,CCS-Combustion-Steel,CCS-Combustion,T100.0,0,0.114155251,0,0,1,1,1,1,24,24,0.09860258,1.770170848,0.75,0.85,0.9,20,20,2050,2050
5,5,CCS-Combustion-Steel-5-T1600.0,CCS-Combustion-Steel,CCS-Combustion,T1600.0,0,0.114155251,0,0,1,1,1,1,24,24,0.09860258,1.770170848,0.75,0.85,0.9,20,20,2050,2050
5,5,CCS-Combustion-Steel-5-T1000.0,CCS-Combustion-Steel,CCS-Combustion,T1000.0,0,0.114155251,0,0,1,1,1,1,24,24,0.09860258,1.770170848,0.75,0.85,0.9,20,20,2050,2050
5,5,CCS-Combustion-Steel-5-T100.0,CCS-Combustion-Steel,CCS-Combustion,T100.0,0,0.114155251,0,0,1,1,1,1,24,24,0.09860258,1.770170848,0.75,0.85,0.9,20,20,2050,2050
6,6,CCS-Combustion-Steel-6-T1600.0,CCS-Combustion-Steel,CCS-Combustion,T1600.0,0,0.114155251,0,0,1,1,1,1,24,24,0.09860258,1.770170848,0.75,0.85,0.9,20,20,2050,2050
6,6,CCS-Combustion-Steel-6-T1000.0,CCS-Combustion-Steel,CCS-Combustion,T1000.0,0,0.114155251,0,0,1,1,1,1,24,24,0.09860258,1.770170848,0.75,0.85,0.9,20,20,2050,2050
6,6,CCS-Combustion-Steel-6-T100.0,CCS-Combustion-Steel,CCS-Combustion,T100.0,0,0.114155251,0,0,1,1,1,1,24,24,0.09860258,1.770170848,0.75,0.85,0.9,20,20,2050,2050
7,7,CCS-Combustion-Steel-7-T1600.0,CCS-Combustion-Steel,CCS-Combustion,T1600.0,0,0.114155251,0,0,1,1,1,1,24,24,0.09860258,1.770170848,0.75,0.85,0.9,20,20,2050,2050
7,7,CCS-Combustion-Steel-7-T1000.0,CCS-Combustion-Steel,CCS-Combustion,T1000.0,0,0.114155251,0,0,1,1,1,1,24,24,0.09860258,1.770170848,0.75,0.85,0.9,20,20,2050,2050
7,7,CCS-Combustion-Steel-7-T100.0,CCS-Combustion-Steel,CCS-Combustion,T100.0,0,0.114155251,0,0,1,1,1,1,24,24,0.09860258,1.770170848,0.75,0.85,0.9,20,20,2050,2050
8,8,CCS-Combustion-Steel-8-T1600.0,CCS-Combustion-Steel,CCS-Combustion,T1600.0,0,0.114155251,11.06545882,55.32729412,1,1,1,1,24,24,0.09860258,1.770170848,0.75,0.85,0.9,20,20,2050,2050
8,8,CCS-Combustion-Steel-8-T1000.0,CCS-Combustion-Steel,CCS-Combustion,T1000.0,0,0.114155251,0,0,1,1,1,1,24,24,0.09860258,1.770170848,0.75,0.85,0.9,20,20,2050,2050
8,8,CCS-Combustion-Steel-8-T100.0,CCS-Combustion-Steel,CCS-Combustion,T100.0,0,0.114155251,0,0,1,1,1,1,24,24,0.09860258,1.770170848,0.75,0.85,0.9,20,20,2050,2050
9,9,CCS-Combustion-Steel-9-T1600.0,CCS-Combustion-Steel,CCS-Combustion,T1600.0,0,0.114155251,2.19346557,10.96732785,1,1,1,1,24,24,0.09860258,1.770170848,0.75,0.85,0.9,20,20,2050,2050
9,9,CCS-Combustion-Steel-9-T1000.0,CCS-Combustion-Steel,CCS-Combustion,T1000.0,0,0.114155251,11.87507561,59.37537803,1,1,1,1,24,24,0.09860258,1.770170848,0.75,0.85,0.9,20,20,2050,2050
9,9,CCS-Combustion-Steel-9-T100.0,CCS-Combustion-Steel,CCS-Combustion,T100.0,0,0.114155251,0,0,1,1,1,1,24,24,0.09860258,1.770170848,0.75,0.85,0.9,20,20,2050,2050
10,10,CCS-Combustion-Steel-10-T1600.0,CCS-Combustion-Steel,CCS-Combustion,T1600.0,0,0.114155251,31.72783768,158.6391884,1,1,1,1,24,24,0.09860258,1.770170848,0.75,0.85,0.9,20,20,2050,2050
10,10,CCS-Combustion-Steel-10-T1000.0,CCS-Combustion-Steel,CCS-Combustion,T1000.0,0,0.114155251,13.30905644,66.5452822,1,1,1,1,24,24,0.09860258,1.770170848,0.75,0.85,0.9,20,20,2050,2050
10,10,CCS-Combustion-Steel-10-T100.0,CCS-Combustion-Steel,CCS-Combustion,T100.0,0,0.114155251,0,0,1,1,1,1,24,24,0.09860258,1.770170848,0.75,0.85,0.9,20,20,2050,2050
11,11,CCS-Combustion-Steel-11-T1600.0,CCS-Combustion-Steel,CCS-Combustion,T1600.0,0,0.114155251,0,0,1,1,1,1,24,24,0.09860258,1.770170848,0.75,0.85,0.9,20,20,2050,2050
11,11,CCS-Combustion-Steel-11-T1000.0,CCS-Combustion-Steel,CCS-Combustion,T1000.0,0,0.114155251,0,0,1,1,1,1,24,24,0.09860258,1.770170848,0.75,0.85,0.9,20,20,2050,2050
11,11,CCS-Combustion-Steel-11-T100.0,CCS-Combustion-Steel,CCS-Combustion,T100.0,0,0.114155251,0,0,1,1,1,1,24,24,0.09860258,1.770170848,0.75,0.85,0.9,20,20,2050,2050
12,12,CCS-Combustion-Steel-12-T1600.0,CCS-Combustion-Steel,CCS-Combustion,T1600.0,0,0.114155251,5.796243689,28.98121844,1,1,1,1,24,24,0.09860258,1.770170848,0.75,0.85,0.9,20,20,2050,2050
12,12,CCS-Combustion-Steel-12-T1000.0,CCS-Combustion-Steel,CCS-Combustion,T1000.0,0,0.114155251,1.466109252,7.330546262,1,1,1,1,24,24,0.09860258,1.770170848,0.75,0.85,0.9,20,20,2050,2050
12,12,CCS-Combustion-Steel-12-T100.0,CCS-Combustion-Steel,CCS-Combustion,T100.0,0,0.114155251,0,0,1,1,1,1,24,24,0.09860258,1.770170848,0.75,0.85,0.9,20,20,2050,2050
13,13,CCS-Combustion-Steel-13-T1600.0,CCS-Combustion-Steel,CCS-Combustion,T1600.0,0,0.114155251,0,0,1,1,1,1,24,24,0.09860258,1.770170848,0.75,0.85,0.9,20,20,2050,2050
13,13,CCS-Combustion-Steel-13-T1000.0,CCS-Combustion-Steel,CCS-Combustion,T1000.0,0,0.114155251,0,0,1,1,1,1,24,24,0.09860258,1.770170848,0.75,0.85,0.9,20,20,2050,2050
13,13,CCS-Combustion-Steel-13-T100.0,CCS-Combustion-Steel,CCS-Combustion,T100.0,0,0.114155251,0,0,1,1,1,1,24,24,0.09860258,1.770170848,0.75,0.85,0.9,20,20,2050,2050
14,14,CCS-Combustion-Steel-14-T1600.0,CCS-Combustion-Steel,CCS-Combustion,T1600.0,0,0.114155251,0,0,1,1,1,1,24,24,0.09860258,1.770170848,0.75,0.85,0.9,20,20,2050,2050
14,14,CCS-Combustion-Steel-14-T1000.0,CCS-Combustion-Steel,CCS-Combustion,T1000.0,0,0.114155251,0,0,1,1,1,1,24,24,0.09860258,1.770170848,0.75,0.85,0.9,20,20,2050,2050
14,14,CCS-Combustion-Steel-14-T100.0,CCS-Combustion-Steel,CCS-Combustion,T100.0,0,0.114155251,0,0,1,1,1,1,24,24,0.09860258,1.770170848,0.75,0.85,0.9,20,20,2050,2050
15,15,CCS-Combustion-Steel-15-T1600.0,CCS-Combustion-Steel,CCS-Combustion,T1600.0,0,0.114155251,0,0,1,1,1,1,24,24,0.09860258,1.770170848,0.75,0.85,0.9,20,20,2050,2050
15,15,CCS-Combustion-Steel-15-T1000.0,CCS-Combustion-Steel,CCS-Combustion,T1000.0,0,0.114155251,0,0,1,1,1,1,24,24,0.09860258,1.770170848,0.75,0.85,0.9,20,20,2050,2050
15,15,CCS-Combustion-Steel-15-T100.0,CCS-Combustion-Steel,CCS-Combustion,T100.0,0,0.114155251,0,0,1,1,1,1,24,24,0.09860258,1.770170848,0.75,0.85,0.9,20,20,2050,2050
16,16,CCS-Combustion-Steel-16-T1600.0,CCS-Combustion-Steel,CCS-Combustion,T1600.0,0,0.114155251,0,0,1,1,1,1,24,24,0.09860258,1.770170848,0.75,0.85,0.9,20,20,2050,2050
16,16,CCS-Combustion-Steel-16-T1000.0,CCS-Combustion-Steel,CCS-Combustion,T1000.0,0,0.114155251,0,0,1,1,1,1,24,24,0.09860258,1.770170848,0.75,0.85,0.9,20,20,2050,2050
16,16,CCS-Combustion-Steel-16-T100.0,CCS-Combustion-Steel,CCS-Combustion,T100.0,0,0.114155251,0,0,1,1,1,1,24,24,0.09860258,1.770170848,0.75,0.85,0.9,20,20,2050,2050
1,1,CCS-Combustion-Refinery-1-T1600.0,CCS-Combustion-Refinery,CCS-Combustion,T1600.0,0,0.114155251,0,0,1,1,1,1,24,24,0.082590231,0.581654306,0.75,0.85,0.9,20,20,2050,2050
1,1,CCS-Combustion-Refinery-1-T1000.0,CCS-Combustion-Refinery,CCS-Combustion,T1000.0,0,0.114155251,0,0,1,1,1,1,24,24,0.082590231,0.581654306,0.75,0.85,0.9,20,20,2050,2050
1,1,CCS-Combustion-Refinery-1-T100.0,CCS-Combustion-Refinery,CCS-Combustion,T100.0,0,0.114155251,0,0,1,1,1,1,24,24,0.082590231,0.581654306,0.75,0.85,0.9,20,20,2050,2050
2,2,CCS-Combustion-Refinery-2-T1600.0,CCS-Combustion-Refinery,CCS-Combustion,T1600.0,0,0.114155251,0,0,1,1,1,1,24,24,0.082590231,0.581654306,0.75,0.85,0.9,20,20,2050,2050
2,2,CCS-Combustion-Refinery-2-T1000.0,CCS-Combustion-Refinery,CCS-Combustion,T1000.0,0,0.114155251,0,0,1,1,1,1,24,24,0.082590231,0.581654306,0.75,0.85,0.9,20,20,2050,2050
2,2,CCS-Combustion-Refinery-2-T100.0,CCS-Combustion-Refinery,CCS-Combustion,T100.0,0,0.114155251,0,0,1,1,1,1,24,24,0.082590231,0.581654306,0.75,0.85,0.9,20,20,2050,2050
3,3,CCS-Combustion-Refinery-3-T1600.0,CCS-Combustion-Refinery,CCS-Combustion,T1600.0,0,0.114155251,0,0,1,1,1,1,24,24,0.082590231,0.581654306,0.75,0.85,0.9,20,20,2050,2050
3,3,CCS-Combustion-Refinery-3-T1000.0,CCS-Combustion-Refinery,CCS-Combustion,T1000.0,0,0.114155251,691.7029979,3458.51499,1,1,1,1,24,24,0.082590231,0.581654306,0.75,0.85,0.9,20,20,2050,2050
3,3,CCS-Combustion-Refinery-3-T100.0,CCS-Combustion-Refinery,CCS-Combustion,T100.0,0,0.114155251,93.5584477,467.7922385,1,1,1,1,24,24,0.082590231,0.581654306,0.75,0.85,0.9,20,20,2050,2050
4,4,CCS-Combustion-Refinery-4-T1600.0,CCS-Combustion-Refinery,CCS-Combustion,T1600.0,0,0.114155251,0,0,1,1,1,1,24,24,0.082590231,0.581654306,0.75,0.85,0.9,20,20,2050,2050
4,4,CCS-Combustion-Refinery-4-T1000.0,CCS-Combustion-Refinery,CCS-Combustion,T1000.0,0,0.114155251,0,0,1,1,1,1,24,24,0.082590231,0.581654306,0.75,0.85,0.9,20,20,2050,2050
4,4,CCS-Combustion-Refinery-4-T100.0,CCS-Combustion-Refinery,CCS-Combustion,T100.0,0,0.114155251,0,0,1,1,1,1,24,24,0.082590231,0.581654306,0.75,0.85,0.9,20,20,2050,2050
5,5,CCS-Combustion-Refinery-5-T1600.0,CCS-Combustion-Refinery,CCS-Combustion,T1600.0,0,0.114155251,0,0,1,1,1,1,24,24,0.082590231,0.581654306,0.75,0.85,0.9,20,20,2050,2050
5,5,CCS-Combustion-Refinery-5-T1000.0,CCS-Combustion-Refinery,CCS-Combustion,T1000.0,0,0.114155251,29.36024057,146.8012028,1,1,1,1,24,24,0.082590231,0.581654306,0.75,0.85,0.9,20,20,2050,2050
5,5,CCS-Combustion-Refinery-5-T100.0,CCS-Combustion-Refinery,CCS-Combustion,T100.0,0,0.114155251,4.164582963,20.82291481,1,1,1,1,24,24,0.082590231,0.581654306,0.75,0.85,0.9,20,20,2050,2050
6,6,CCS-Combustion-Refinery-6-T1600.0,CCS-Combustion-Refinery,CCS-Combustion,T1600.0,0,0.114155251,0,0,1,1,1,1,24,24,0.082590231,0.581654306,0.75,0.85,0.9,20,20,2050,2050
6,6,CCS-Combustion-Refinery-6-T1000.0,CCS-Combustion-Refinery,CCS-Combustion,T1000.0,0,0.114155251,2076.187739,10380.93869,1,1,1,1,24,24,0.082590231,0.581654306,0.75,0.85,0.9,20,20,2050,2050
6,6,CCS-Combustion-Refinery-6-T100.0,CCS-Combustion-Refinery,CCS-Combustion,T100.0,0,0.114155251,238.1731804,1190.865902,1,1,1,1,24,24,0.082590231,0.581654306,0.75,0.85,0.9,20,20,2050,2050
7,7,CCS-Combustion-Refinery-7-T1600.0,CCS-Combustion-Refinery,CCS-Combustion,T1600.0,0,0.114155251,0,0,1,1,1,1,24,24,0.082590231,0.581654306,0.75,0.85,0.9,20,20,2050,2050
7,7,CCS-Combustion-Refinery-7-T1000.0,CCS-Combustion-Refinery,CCS-Combustion,T1000.0,0,0.114155251,0,0,1,1,1,1,24,24,0.082590231,0.581654306,0.75,0.85,0.9,20,20,2050,2050
7,7,CCS-Combustion-Refinery-7-T100.0,CCS-Combustion-Refinery,CCS-Combustion,T100.0,0,0.114155251,0,0,1,1,1,1,24,24,0.082590231,0.581654306,0.75,0.85,0.9,20,20,2050,2050
8,8,CCS-Combustion-Refinery-8-T1600.0,CCS-Combustion-Refinery,CCS-Combustion,T1600.0,0,0.114155251,0,0,1,1,1,1,24,24,0.082590231,0.581654306,0.75,0.85,0.9,20,20,2050,2050
8,8,CCS-Combustion-Refinery-8-T1000.0,CCS-Combustion-Refinery,CCS-Combustion,T1000.0,0,0.114155251,7.351594629,36.75797314,1,1,1,1,24,24,0.082590231,0.581654306,0.75,0.85,0.9,20,20,2050,2050
8,8,CCS-Combustion-Refinery-8-T100.0,CCS-Combustion-Refinery,CCS-Combustion,T100.0,0,0.114155251,1.042781842,5.21390921,1,1,1,1,24,24,0.082590231,0.581654306,0.75,0.85,0.9,20,20,2050,2050
9,9,CCS-Combustion-Refinery-9-T1600.0,CCS-Combustion-Refinery,CCS-Combustion,T1600.0,0,0.114155251,0,0,1,1,1,1,24,24,0.082590231,0.581654306,0.75,0.85,0.9,20,20,2050,2050
9,9,CCS-Combustion-Refinery-9-T1000.0,CCS-Combustion-Refinery,CCS-Combustion,T1000.0,0,0.114155251,0,0,1,1,1,1,24,24,0.082590231,0.581654306,0.75,0.85,0.9,20,20,2050,2050
9,9,CCS-Combustion-Refinery-9-T100.0,CCS-Combustion-Refinery,CCS-Combustion,T100.0,0,0.114155251,0,0,1,1,1,1,24,24,0.082590231,0.581654306,0.75,0.85,0.9,20,20,2050,2050
10,10,CCS-Combustion-Refinery-10-T1600.0,CCS-Combustion-Refinery,CCS-Combustion,T1600.0,0,0.114155251,0,0,1,1,1,1,24,24,0.082590231,0.581654306,0.75,0.85,0.9,20,20,2050,2050
10,10,CCS-Combustion-Refinery-10-T1000.0,CCS-Combustion-Refinery,CCS-Combustion,T1000.0,0,0.114155251,0,0,1,1,1,1,24,24,0.082590231,0.581654306,0.75,0.85,0.9,20,20,2050,2050
10,10,CCS-Combustion-Refinery-10-T100.0,CCS-Combustion-Refinery,CCS-Combustion,T100.0,0,0.114155251,0,0,1,1,1,1,24,24,0.082590231,0.581654306,0.75,0.85,0.9,20,20,2050,2050
11,11,CCS-Combustion-Refinery-11-T1600.0,CCS-Combustion-Refinery,CCS-Combustion,T1600.0,0,0.114155251,0,0,1,1,1,1,24,24,0.082590231,0.581654306,0.75,0.85,0.9,20,20,2050,2050
11,11,CCS-Combustion-Refinery-11-T1000.0,CCS-Combustion-Refinery,CCS-Combustion,T1000.0,0,0.114155251,0,0,1,1,1,1,24,24,0.082590231,0.581654306,0.75,0.85,0.9,20,20,2050,2050
11,11,CCS-Combustion-Refinery-11-T100.0,CCS-Combustion-Refinery,CCS-Combustion,T100.0,0,0.114155251,0,0,1,1,1,1,24,24,0.082590231,0.581654306,0.75,0.85,0.9,20,20,2050,2050
12,12,CCS-Combustion-Refinery-12-T1600.0,CCS-Combustion-Refinery,CCS-Combustion,T1600.0,0,0.114155251,0,0,1,1,1,1,24,24,0.082590231,0.581654306,0.75,0.85,0.9,20,20,2050,2050
12,12,CCS-Combustion-Refinery-12-T1000.0,CCS-Combustion-Refinery,CCS-Combustion,T1000.0,0,0.114155251,658.1003592,3290.501796,1,1,1,1,24,24,0.082590231,0.581654306,0.75,0.85,0.9,20,20,2050,2050
12,12,CCS-Combustion-Refinery-12-T100.0,CCS-Combustion-Refinery,CCS-Combustion,T100.0,0,0.114155251,90.17539047,450.8769523,1,1,1,1,24,24,0.082590231,0.581654306,0.75,0.85,0.9,20,20,2050,2050
13,13,CCS-Combustion-Refinery-13-T1600.0,CCS-Combustion-Refinery,CCS-Combustion,T1600.0,0,0.114155251,0,0,1,1,1,1,24,24,0.082590231,0.581654306,0.75,0.85,0.9,20,20,2050,2050
13,13,CCS-Combustion-Refinery-13-T1000.0,CCS-Combustion-Refinery,CCS-Combustion,T1000.0,0,0.114155251,50.81627007,254.0813504,1,1,1,1,24,24,0.082590231,0.581654306,0.75,0.85,0.9,20,20,2050,2050
13,13,CCS-Combustion-Refinery-13-T100.0,CCS-Combustion-Refinery,CCS-Combustion,T100.0,0,0.114155251,6.773196749,33.86598374,1,1,1,1,24,24,0.082590231,0.581654306,0.75,0.85,0.9,20,20,2050,2050
14,14,CCS-Combustion-Refinery-14-T1600.0,CCS-Combustion-Refinery,CCS-Combustion,T1600.0,0,0.114155251,0,0,1,1,1,1,24,24,0.082590231,0.581654306,0.75,0.85,0.9,20,20,2050,2050
14,14,CCS-Combustion-Refinery-14-T1000.0,CCS-Combustion-Refinery,CCS-Combustion,T1000.0,0,0.114155251,0,0,1,1,1,1,24,24,0.082590231,0.581654306,0.75,0.85,0.9,20,20,2050,2050
14,14,CCS-Combustion-Refinery-14-T100.0,CCS-Combustion-Refinery,CCS-Combustion,T100.0,0,0.114155251,0,0,1,1,1,1,24,24,0.082590231,0.581654306,0.75,0.85,0.9,20,20,2050,2050
15,15,CCS-Combustion-Refinery-15-T1600.0,CCS-Combustion-Refinery,CCS-Combustion,T1600.0,0,0.114155251,0,0,1,1,1,1,24,24,0.082590231,0.581654306,0.75,0.85,0.9,20,20,2050,2050
15,15,CCS-Combustion-Refinery-15-T1000.0,CCS-Combustion-Refinery,CCS-Combustion,T1000.0,0,0.114155251,0,0,1,1,1,1,24,24,0.082590231,0.581654306,0.75,0.85,0.9,20,20,2050,2050
15,15,CCS-Combustion-Refinery-15-T100.0,CCS-Combustion-Refinery,CCS-Combustion,T100.0,0,0.114155251,0,0,1,1,1,1,24,24,0.082590231,0.581654306,0.75,0.85,0.9,20,20,2050,2050
16,16,CCS-Combustion-Refinery-16-T1600.0,CCS-Combustion-Refinery,CCS-Combustion,T1600.0,0,0.114155251,0,0,1,1,1,1,24,24,0.082590231,0.581654306,0.75,0.85,0.9,20,20,2050,2050
16,16,CCS-Combustion-Refinery-16-T1000.0,CCS-Combustion-Refinery,CCS-Combustion,T1000.0,0,0.114155251,0,0,1,1,1,1,24,24,0.082590231,0.581654306,0.75,0.85,0.9,20,20,2050,2050
16,16,CCS-Combustion-Refinery-16-T100.0,CCS-Combustion-Refinery,CCS-Combustion,T100.0,0,0.114155251,0,0,1,1,1,1,24,24,0.082590231,0.581654306,0.75,0.85,0.9,20,20,2050,2050