Node,CCS Sector,Service Type,Heat Emissions
3,Steel,T1600.0,12592.21043165468
3,Steel,T1000.0,28917.28956834532
3,Steel,T100.0,0
3,Refinery,T1600.0,0
3,Cement,T100.0,0
3,Refinery,T100.0,397623.4027306183
3,Cement,T1600.0,62376.22917866506
3,Cement,T1000.0,222397.14482133492
3,Refinery,T1000.0,2939737.741269383
4,Cement,T100.0,66434.53636363636
4,Steel,T1600.0,0
4,Steel,T100.0,0
4,Steel,T1000.0,0
4,Refinery,T1000.0,0
4,Cement,T1000.0,266767.8801476901
4,Refinery,T100.0,0
4,Cement,T1600.0,12.58348867353867
4,Refinery,T1600.0,0
5,Steel,T1600.0,0
5,Steel,T1000.0,0
5,Steel,T100.0,0
5,Refinery,T1600.0,0
5,Refinery,T100.0,17699.4775916549
5,Cement,T1600.0,0
5,Cement,T100.0,0
5,Refinery,T1000.0,124781.02240834509
5,Cement,T1000.0,0
6,Cement,T100.0,91335.6030717409
6,Cement,T1600.0,158871.67152189795
6,Cement,T1000.0,332963.50020636106
6,Refinery,T100.0,1012236.016519391
6,Refinery,T1600.0,0
6,Refinery,T1000.0,8823797.889480604
6,Steel,T1600.0,0
6,Steel,T1000.0,0
6,Steel,T100.0,0
7,Cement,T100.0,60489.9877316858
7,Steel,T1000.0,0
7,Steel,T100.0,0
7,Steel,T1600.0,0
7,Refinery,T1000.0,0
7,Refinery,T100.0,0
7,Cement,T1600.0,0
7,Cement,T1000.0,84767.81226831423
7,Refinery,T1600.0,0
8,Cement,T1000.0,110691.69616321665
8,Cement,T1600.0,57094.08225569986
8,Refinery,T100.0,4431.82282844066
8,Refinery,T1000.0,31244.277171559337
8,Refinery,T1600.0,0
8,Steel,T100.0,0
8,Steel,T1000.0,0
8,Steel,T1600.0,47028.2
8,Cement,T100.0,3479.62158108348
9,Steel,T1600.0,9322.228672098656
9,Cement,T1000.0,9460.767000902437
9,Cement,T1600.0,0
9,Refinery,T100.0,0
9,Refinery,T1000.0,0
9,Refinery,T1600.0,0
9,Steel,T100.0,0
9,Cement,T100.0,23266.33299909756
9,Steel,T1000.0,50469.071327901336
10,Cement,T100.0,168252.07532127653
10,Steel,T1600.0,134843.31012942715
10,Steel,T100.0,0
10,Refinery,T1600.0,0
10,Refinery,T1000.0,0
10,Steel,T1000.0,56563.48987057281
10,Cement,T1600.0,3833.0542399106025
10,Cement,T1000.0,52387.11843881287
10,Refinery,T100.0,0
11,Cement,T100.0,78316.49567645181
11,Steel,T1000.0,0
11,Steel,T100.0,0
11,Steel,T1600.0,0
11,Refinery,T1000.0,0
11,Refinery,T100.0,0
11,Cement,T1000.0,71735.4804546512
11,Cement,T1600.0,148824.40386889697
11,Refinery,T1600.0,0
12,Steel,T1600.0,24634.035677511743
12,Steel,T1000.0,6230.964322488251
12,Steel,T100.0,0
12,Refinery,T1600.0,0
12,Refinery,T100.0,383245.4094792574
12,Cement,T1600.0,229980.14628283546
12,Cement,T100.0,641608.9310869374
12,Refinery,T1000.0,2796926.526520744
12,Cement,T1000.0,601164.0186302272
13,Cement,T100.0,477563.06020635826
13,Cement,T1000.0,2589407.2876805034
13,Cement,T1600.0,150207.47211313833
13,Refinery,T100.0,28786.08618315758
13,Refinery,T1600.0,0
13,Refinery,T1000.0,215969.14781684248
13,Steel,T1000.0,0
13,Steel,T1600.0,0
13,Steel,T100.0,0
14,Cement,T100.0,0
14,Steel,T1000.0,0
14,Steel,T100.0,0
14,Steel,T1600.0,0
14,Refinery,T1000.0,0
14,Refinery,T100.0,0
14,Cement,T1600.0,1814555.4295929386
14,Cement,T1000.0,363464.10560706124
14,Refinery,T1600.0,0
15,Cement,T1000.0,76499.74953703705
15,Cement,T1600.0,0
15,Refinery,T100.0,0
15,Refinery,T1000.0,0
15,Refinery,T1600.0,0
15,Steel,T100.0,0
15,Steel,T1000.0,0
15,Steel,T1600.0,0
15,Cement,T100.0,61400.45046296295
16,Steel,T100.0,0
16,Cement,T100.0,0
16,Cement,T1000.0,105392.39961607309
16,Cement,T1600.0,526602.5027839269
16,Refinery,T100.0,0
16,Refinery,T1000.0,0
16,Refinery,T1600.0,0
16,Steel,T1000.0,0
16,Steel,T1600.0,0
