Node_ELEC,Node_GAS,Service Type,NAICS Code,Sector Name,End-use,Temperature,Existing Units,Peak Heat Demand [MW],Process Type,Prime Mover,Lifetime [years]
3,3,T100.0,NA,NA,NA,100,1,173.30038848491452,Conventional,Gas,75
3,3,T100.0,NA,NA,NA,100,0,173.30038848491452,Conventional,Direct Heat,75
3,3,T1000.0,NA,NA,NA,1000,1,1387.9108605163344,Conventional,Gas,75
3,3,T1000.0,NA,NA,NA,1000,0,1387.9108605163344,Conventional,Direct Heat,75
3,3,T1600.0,NA,NA,NA,1600,1,32.276905589972365,Conventional,Gas,75
3,3,T1600.0,NA,NA,NA,1600,0,32.276905589972365,Conventional,Direct Heat,75
4,4,T100.0,NA,NA,NA,100,1,39.37525326205649,Conventional,Gas,75
4,4,T100.0,NA,NA,NA,100,0,39.37525326205649,Conventional,Direct Heat,75
4,4,T1000.0,NA,NA,NA,1000,1,126.1525852361836,Conventional,Gas,75
4,4,T1000.0,NA,NA,NA,1000,0,126.1525852361836,Conventional,Direct Heat,75
4,4,T1600.0,NA,NA,NA,1600,1,0.005028276325933157,Conventional,Gas,75
4,4,T1600.0,NA,NA,NA,1600,0,0.005028276325933157,Conventional,Direct Heat,75
5,5,T100.0,NA,NA,NA,100,1,7.69181113796563,Conventional,Gas,75
5,5,T100.0,NA,NA,NA,100,0,7.69181113796563,Conventional,Direct Heat,75
5,5,T1000.0,NA,NA,NA,1000,1,55.47751764730714,Conventional,Gas,75
5,5,T1000.0,NA,NA,NA,1000,0,55.47751764730714,Conventional,Direct Heat,75
5,5,T1600.0,NA,NA,NA,1600,1,0.0,Conventional,Gas,75
5,5,T1600.0,NA,NA,NA,1600,0,0.0,Conventional,Direct Heat,75
6,6,T100.0,NA,NA,NA,100,1,423.12991197924663,Conventional,Gas,75
6,6,T100.0,NA,NA,NA,100,0,423.12991197924663,Conventional,Direct Heat,75
6,6,T1000.0,NA,NA,NA,1000,1,3418.209389399925,Conventional,Gas,75
6,6,T1000.0,NA,NA,NA,1000,0,3418.209389399925,Conventional,Direct Heat,75
6,6,T1600.0,NA,NA,NA,1600,1,75.12929722492234,Conventional,Gas,75
6,6,T1600.0,NA,NA,NA,1600,0,75.12929722492234,Conventional,Direct Heat,75
7,7,T100.0,NA,NA,NA,100,1,35.85196370930838,Conventional,Gas,75
7,7,T100.0,NA,NA,NA,100,0,35.85196370930838,Conventional,Direct Heat,75
7,7,T1000.0,NA,NA,NA,1000,1,40.08610284014539,Conventional,Gas,75
7,7,T1000.0,NA,NA,NA,1000,0,40.08610284014539,Conventional,Direct Heat,75
7,7,T1600.0,NA,NA,NA,1600,1,0.0,Conventional,Gas,75
7,7,T1600.0,NA,NA,NA,1600,0,0.0,Conventional,Direct Heat,75
8,8,T100.0,NA,NA,NA,100,1,4.138543304835533,Conventional,Gas,75
8,8,T100.0,NA,NA,NA,100,0,4.138543304835533,Conventional,Direct Heat,75
8,8,T1000.0,NA,NA,NA,1000,1,65.17584706908153,Conventional,Gas,75
8,8,T1000.0,NA,NA,NA,1000,0,65.17584706908153,Conventional,Direct Heat,75
8,8,T1600.0,NA,NA,NA,1600,1,49.238695712013744,Conventional,Gas,75
8,8,T1600.0,NA,NA,NA,1600,0,49.238695712013744,Conventional,Direct Heat,75
9,9,T100.0,NA,NA,NA,100,1,13.789781707880717,Conventional,Gas,75
9,9,T100.0,NA,NA,NA,100,0,13.789781707880717,Conventional,Direct Heat,75
9,9,T1000.0,NA,NA,NA,1000,1,29.473795138176975,Conventional,Gas,75
9,9,T1000.0,NA,NA,NA,1000,0,29.473795138176975,Conventional,Direct Heat,75
9,9,T1600.0,NA,NA,NA,1600,1,4.408416440738825,Conventional,Gas,75
9,9,T1600.0,NA,NA,NA,1600,0,4.408416440738825,Conventional,Direct Heat,75
10,10,T100.0,NA,NA,NA,100,1,57.803245441032125,Conventional,Gas,75
10,10,T100.0,NA,NA,NA,100,0,57.803245441032125,Conventional,Direct Heat,75
10,10,T1000.0,NA,NA,NA,1000,1,47.76426372125591,Conventional,Gas,75
10,10,T1000.0,NA,NA,NA,1000,0,47.76426372125591,Conventional,Direct Heat,75
10,10,T1600.0,NA,NA,NA,1600,1,65.57907836539353,Conventional,Gas,75
10,10,T1600.0,NA,NA,NA,1600,0,65.57907836539353,Conventional,Direct Heat,75
11,11,T100.0,NA,NA,NA,100,1,46.202340261105334,Conventional,Gas,75
11,11,T100.0,NA,NA,NA,100,0,46.202340261105334,Conventional,Direct Heat,75
11,11,T1000.0,NA,NA,NA,1000,1,33.86185658891648,Conventional,Gas,75
11,11,T1000.0,NA,NA,NA,1000,0,33.86185658891648,Conventional,Direct Heat,75
11,11,T1600.0,NA,NA,NA,1600,1,48.669942323464696,Conventional,Gas,75
11,11,T1600.0,NA,NA,NA,1600,0,48.669942323464696,Conventional,Direct Heat,75
12,12,T100.0,NA,NA,NA,100,1,512.3595778037176,Conventional,Gas,75
12,12,T100.0,NA,NA,NA,100,0,512.3595778037176,Conventional,Direct Heat,75
12,12,T1000.0,NA,NA,NA,1000,1,1513.2417915510625,Conventional,Gas,75
12,12,T1000.0,NA,NA,NA,1000,0,1513.2417915510625,Conventional,Direct Heat,75
12,12,T1600.0,NA,NA,NA,1600,1,120.4052577211209,Conventional,Gas,75
12,12,T1600.0,NA,NA,NA,1600,0,120.4052577211209,Conventional,Direct Heat,75
13,13,T100.0,NA,NA,NA,100,1,275.4192148743119,Conventional,Gas,75
13,13,T100.0,NA,NA,NA,100,0,275.4192148743119,Conventional,Direct Heat,75
13,13,T1000.0,NA,NA,NA,1000,1,1330.3874462348995,Conventional,Gas,75
13,13,T1000.0,NA,NA,NA,1000,0,1330.3874462348995,Conventional,Direct Heat,75
13,13,T1600.0,NA,NA,NA,1600,1,71.03205819948052,Conventional,Gas,75
13,13,T1600.0,NA,NA,NA,1600,0,71.03205819948052,Conventional,Direct Heat,75
14,14,T100.0,NA,NA,NA,100,1,0.0,Conventional,Gas,75
14,14,T100.0,NA,NA,NA,100,0,0.0,Conventional,Direct Heat,75
14,14,T1000.0,NA,NA,NA,1000,1,118.97169615663456,Conventional,Gas,75
14,14,T1000.0,NA,NA,NA,1000,0,118.97169615663456,Conventional,Direct Heat,75
14,14,T1600.0,NA,NA,NA,1600,1,593.2570386804425,Conventional,Gas,75
14,14,T1600.0,NA,NA,NA,1600,0,593.2570386804425,Conventional,Direct Heat,75
15,15,T100.0,NA,NA,NA,100,1,29.913557495083346,Conventional,Gas,75
15,15,T100.0,NA,NA,NA,100,0,29.913557495083346,Conventional,Direct Heat,75
15,15,T1000.0,NA,NA,NA,1000,1,35.97395990100191,Conventional,Gas,75
15,15,T1000.0,NA,NA,NA,1000,0,35.97395990100191,Conventional,Direct Heat,75
15,15,T1600.0,NA,NA,NA,1600,1,0.0,Conventional,Gas,75
15,15,T1600.0,NA,NA,NA,1600,0,0.0,Conventional,Direct Heat,75
16,16,T100.0,NA,NA,NA,100,1,0.0,Conventional,Gas,75
16,16,T100.0,NA,NA,NA,100,0,0.0,Conventional,Direct Heat,75
16,16,T1000.0,NA,NA,NA,1000,1,34.43364516170112,Conventional,Gas,75
16,16,T1000.0,NA,NA,NA,1000,0,34.43364516170112,Conventional,Direct Heat,75
16,16,T1600.0,NA,NA,NA,1600,1,171.95482483934686,Conventional,Gas,75
16,16,T1600.0,NA,NA,NA,1600,0,171.95482483934686,Conventional,Direct Heat,75
