Node_ELEC,Node_GAS,NAICS Code,Sector Name,Existing Units,CO2 Process Emissions [tCO2/h],Non-CO2 Process Emissions [tCO2/h],Process Type,Prime Mover
3,3,NA,NA,1,327.33315570776256,0.0,Conventional,Industrial
4,4,NA,NA,1,0.0,0.0,Conventional,Industrial
5,5,NA,NA,1,0.26544520547945205,0.0,Conventional,Industrial
6,6,NA,NA,1,854.9778021917808,1.2687440639269407,Conventional,Industrial
7,7,NA,NA,1,0.0,0.0,Conventional,Industrial
8,8,NA,NA,1,1.9444988584474883,9.20296817811644,Conventional,Industrial
9,9,NA,NA,1,0.0,0.0,Conventional,Industrial
10,10,NA,NA,1,7.196432876712328,1.3893773955479451,Conventional,Industrial
11,11,NA,NA,1,30.476965753424654,2.182804491894977,Conventional,Industrial
12,12,NA,NA,1,430.2882764840183,0.0,Conventional,Industrial
13,13,NA,NA,1,13.095054566210045,0.15015662100456623,Conventional,Industrial
14,14,NA,NA,1,371.81108479452047,0.0,Conventional,Industrial
15,15,NA,NA,1,1.6820890410958904,0.0,Conventional,Industrial
16,16,NA,NA,1,108.30012598173516,0.0,Conventional,Industrial
