Node,CCS Sector,Heat Emissions,CO2 Process Emissions,Non-CO2 Process Emissions
3,Cement,284773.374,825295.226,0.0
3,Steel,41509.5,0.0,0.0
3,Refinery,3337361.1440000003,2042143.2179999999,0.0
4,Cement,333215.0,0.0,0.0
5,Refinery,142480.5,2325.2999999999997,0.0
6,Refinery,9836033.906000007,4872998.402,0.0
6,Cement,583170.7748,2616607.1452,11114.198
7,Cement,145257.80000000002,0.0,0.0
8,Steel,47028.2,0.0,0.0
8,Refinery,35676.1,1269.51,0.0
8,Cement,171265.39999999997,15764.3,80618.0012403
9,Steel,59791.29999999999,0.0,0.0
9,Cement,32727.1,0.0,0.0
10,Steel,191406.8,0.0,0.0
10,Cement,224472.24799999996,63040.75199999999,12170.945985
11,Cement,298876.38,266978.22,19121.367349
12,Steel,30864.999999999996,0.0,0.0
12,Refinery,3180171.9360000016,2286447.698,0.0
12,Cement,1472753.0960000004,1482877.604,0.0
13,Refinery,244755.2340000001,40958.798,0.0
13,Cement,3217177.8200000008,73753.88,1315.372
14,Cement,2178019.5352000003,3257065.1027999995,0.0
15,Cement,137900.2,14735.1,0.0
16,Cement,631994.9024,948709.1036,0.0
