1,2,3,4,5
1,1.125,1.25,1.375,1.5
1,1.125,1.25,1.375,1.5
1,1.125,1.25,1.375,1.5
1,1.125,1.25,1.375,1.5
1,1.125,1.25,1.375,1.5
1,1.125,1.25,1.375,1.5
1,1.125,1.25,1.375,1.5
1,1.125,1.25,1.375,1.5
1,1.125,1.25,1.375,1.5
1,1.125,1.25,1.375,1.5
1,1.125,1.25,1.375,1.5
1,1.125,1.25,1.375,1.5
1,1.125,1.25,1.375,1.5
1,1.125,1.25,1.375,1.5
1,1.125,1.25,1.375,1.5
1,1.125,1.25,1.375,1.5
1,1.125,1.25,1.375,1.5
1,1.125,1.25,1.375,1.5
1,1.125,1.25,1.375,1.5
1,1.125,1.25,1.375,1.5
1,1.125,1.25,1.375,1.5
1,1.125,1.25,1.375,1.5
1,1.125,1.25,1.375,1.5
1,1.125,1.25,1.375,1.5
1,1.125,1.25,1.375,1.5
1,1.125,1.25,1.375,1.5
1,1.125,1.25,1.375,1.5
1,1.125,1.25,1.375,1.5
1,1.125,1.25,1.375,1.5
1,1.125,1.25,1.375,1.5
1,1.125,1.25,1.375,1.5
1,1.125,1.25,1.375,1.5
1,1.125,1.25,1.375,1.5
1,1.125,1.25,1.375,1.5
1,1.125,1.25,1.375,1.5
1,1.125,1.25,1.375,1.5
1,1.125,1.25,1.375,1.5
1,1.125,1.25,1.375,1.5
1,1.125,1.25,1.375,1.5
1,1.125,1.25,1.375,1.5
1,1.125,1.25,1.375,1.5
1,1.125,1.25,1.375,1.5
1,1.125,1.25,1.375,1.5
1,1.125,1.25,1.375,1.5
1,1.125,1.25,1.375,1.5
1,1.125,1.25,1.375,1.5
1,1.125,1.25,1.375,1.5
1,1.125,1.25,1.375,1.5
1,1.125,1.25,1.375,1.5
1,1.125,1.25,1.375,1.5
1,1.125,1.25,1.375,1.5
1,1.125,1.25,1.375,1.5
1,1.125,1.25,1.375,1.5
1,1.125,1.25,1.375,1.5
1,1.125,1.25,1.375,1.5
1,1.125,1.25,1.375,1.5
1,1.125,1.25,1.375,1.5
1,1.125,1.25,1.375,1.5
1,1.125,1.25,1.375,1.5
1,1.125,1.25,1.375,1.5
1,1.125,1.25,1.375,1.5
1,1.125,1.25,1.375,1.5
1,1.125,1.25,1.375,1.5
1,1.125,1.25,1.375,1.5
1,1.125,1.25,1.375,1.5
1,1.125,1.25,1.375,1.5
1,1.125,1.25,1.375,1.5
1,1.125,1.25,1.375,1.5
1,1.125,1.25,1.375,1.5
1,1.125,1.25,1.375,1.5
1,1.125,1.25,1.375,1.5
1,1.125,1.25,1.375,1.5
1,1.125,1.25,1.375,1.5
1,1.125,1.25,1.375,1.5
1,1.125,1.25,1.375,1.5
1,1.125,1.25,1.375,1.5
1,1.125,1.25,1.375,1.5
1,1.125,1.25,1.375,1.5
1,1.125,1.25,1.375,1.5
1,1.125,1.25,1.375,1.5
1,1.125,1.25,1.375,1.5
1,1.125,1.25,1.375,1.5
1,1.125,1.25,1.375,1.5
1,1.125,1.25,1.375,1.5