1,2,3,4,5
1.0,0.8219540490683328,0.6439080981366656,0.4658621472049986,0.2878161962733314
0.0,0.0,0.0,0.0,0.0
1.0,0.75,0.5,0.25,0.0
1.0,0.8373353552704174,0.6746707105408346,0.5120060658112519,0.3493414210816691
0.0,0.0,0.0,0.0,0.0
1.0,0.9813677914688493,0.9627355829376988,0.944103374406548,0.9254711658753974
0.0,0.0,0.0,0.0,0.0
1.0,1.0,1.0,1.0,1.0
1.0,1.0,1.0,1.0,1.0
1.0,0.8483516601242393,0.6967033202484787,0.5450549803727182,0.39340664049695756
1.0,0.9107361132306578,0.8214722264613158,0.7322083396919737,0.6429444529226317
1.0,1.0,1.0,1.0,1.0
1.0,1.0,1.0,1.0,1.0
1.0,1.0,1.0,1.0,1.0
