,Date,Cost[$/MMBtu]
0,2019-01-01,5.004005254607386
1,2019-01-02,5.004005254607386
2,2019-01-03,4.187967474625259
3,2019-01-04,4.311142988584825
4,2019-01-05,4.280349110094933
5,2019-01-06,4.249555231605043
6,2019-01-07,4.218761353115151
7,2019-01-08,4.449715441789338
8,2019-01-09,4.495906259524174
9,2019-01-10,4.542097077259013
10,2019-01-11,4.542097077259013
11,2019-01-12,4.752521913606605
12,2019-01-13,4.962946749954197
13,2019-01-14,5.17337158630179
14,2019-01-15,5.450516492710815
15,2019-01-16,5.512104249690598
16,2019-01-17,5.512104249690598
17,2019-01-18,5.281150161016411
18,2019-01-19,5.281150161016411
19,2019-01-20,5.281150161016411
20,2019-01-21,5.281150161016411
21,2019-01-22,5.281150161016411
22,2019-01-23,4.819241983668037
23,2019-01-24,4.819241983668037
24,2019-01-25,4.726860348198362
25,2019-01-26,4.7165957220350645
26,2019-01-27,4.706331095871768
27,2019-01-28,4.69606646970847
28,2019-01-29,4.526700138014067
29,2019-01-30,4.6190817734837415
30,2019-01-31,4.3419368670747165
31,2019-02-01,4.823271745342544
32,2019-02-02,4.745861211158035
33,2019-02-03,4.668450676973524
34,2019-02-04,4.591040142789014
35,2019-02-05,4.537448234507431
36,2019-02-06,4.608904112216209
37,2019-02-07,4.6803599899249875
38,2019-02-08,4.751815867633766
39,2019-02-09,4.811362432391081
40,2019-02-10,4.870908997148396
41,2019-02-11,4.9304555619057115
42,2019-02-12,4.841135714769739
43,2019-02-13,4.662496020497793
44,2019-02-14,4.662496020497793
45,2019-02-15,4.626768081643403
46,2019-02-16,4.671428005211389
47,2019-02-17,4.716087928779376
48,2019-02-18,4.760747852347363
49,2019-02-19,4.8054077759153495
50,2019-02-20,4.8054077759153495
51,2019-02-21,4.876863653624128
52,2019-02-22,4.894727623051323
53,2019-02-23,4.954274187808638
54,2019-02-24,5.0138207525659535
55,2019-02-25,5.073367317323268
56,2019-02-26,4.894727623051323
57,2019-02-27,5.162687164459242
58,2019-02-28,5.162687164459242
59,2019-03-01,4.696104083981709
60,2019-03-02,5.216257723377803
61,2019-03-03,5.736411362773895
62,2019-03-04,6.256565002169989
63,2019-03-05,4.681382754564838
64,2019-03-06,4.681382754564838
65,2019-03-07,4.269185530892463
66,2019-03-08,4.269185530892463
67,2019-03-09,4.249557091669969
68,2019-03-10,4.229928652447474
69,2019-03-11,4.21030021322498
70,2019-03-12,4.166136224974369
71,2019-03-13,4.225021542641851
72,2019-03-14,4.342792177976816
73,2019-03-15,4.342792177976816
74,2019-03-16,4.318256628948698
75,2019-03-17,4.29372107992058
76,2019-03-18,4.269185530892463
77,2019-03-19,4.2986281897262035
78,2019-03-20,4.21030021322498
79,2019-03-21,4.21030021322498
80,2019-03-22,4.048365589639404
81,2019-03-23,4.033644260222534
82,2019-03-24,4.0189229308056635
83,2019-03-25,4.004201601388793
84,2019-03-26,4.033644260222534
85,2019-03-27,3.960037613138181
86,2019-03-28,3.960037613138181
87,2019-03-29,4.0189229308056635
88,2019-03-30,4.0189229308056635
89,2019-03-31,4.0189229308056635
90,2019-04-01,3.262909763112547
91,2019-04-02,3.298765914355542
92,2019-04-03,3.2748618135268788
93,2019-04-04,3.1792454102122254
94,2019-04-05,3.1314372085548987
95,2019-04-06,3.1712773766026707
96,2019-04-07,3.2111175446504436
97,2019-04-08,3.2509577126982157
98,2019-04-09,3.239005662283884
99,2019-04-10,3.2509577126982157
100,2019-04-11,3.2509577126982157
101,2019-04-12,3.2868138639412106
102,2019-04-13,3.2868138639412106
103,2019-04-14,3.2868138639412106
104,2019-04-15,3.2868138639412106
105,2019-04-16,3.1792454102122254
106,2019-04-17,3.0477728556545767
107,2019-04-18,3.0358208052402453
108,2019-04-19,3.0567368934653256
109,2019-04-20,3.0776529816904064
110,2019-04-21,3.098569069915486
111,2019-04-22,3.119485158140567
112,2019-04-23,3.023868754825913
113,2019-04-24,3.023868754825913
114,2019-04-25,3.0358208052402453
115,2019-04-26,3.083629006897572
116,2019-04-27,3.083629006897572
117,2019-04-28,3.083629006897572
118,2019-04-29,3.083629006897572
119,2019-04-30,3.0955810573119034
120,2019-05-01,2.725848176158235
121,2019-05-02,2.7679462174888645
122,2019-05-03,2.725848176158235
123,2019-05-04,2.7083073256038066
124,2019-05-05,2.690766475049378
125,2019-05-06,2.673225624494949
126,2019-05-07,2.673225624494949
127,2019-05-08,2.778470727821522
128,2019-05-09,2.7574217071562073
129,2019-05-10,2.778470727821522
130,2019-05-11,2.8030279185977225
131,2019-05-12,2.8275851093739224
132,2019-05-13,2.8521423001501227
133,2019-05-14,2.841617789817466
134,2019-05-15,2.8310932794848083
135,2019-05-16,2.7574217071562073
136,2019-05-17,2.74689719682355
137,2019-05-18,2.778470727821522
138,2019-05-19,2.810044258819494
139,2019-05-20,2.841617789817466
140,2019-05-21,2.873191320815437
141,2019-05-22,2.873191320815437
142,2019-05-23,2.6942746451602635
143,2019-05-24,2.736372686490893
144,2019-05-25,2.749528324406714
145,2019-05-26,2.762683962322536
146,2019-05-27,2.7758396002383576
147,2019-05-28,2.788995238154179
148,2019-05-29,2.8310932794848083
149,2019-05-30,2.8310932794848083
150,2019-05-31,2.725848176158235
151,2019-06-01,3.1209220964524698
152,2019-06-02,3.084348790634667
153,2019-06-03,3.0477754848168646
154,2019-06-04,2.9868199751205275
155,2019-06-05,2.9868199751205275
156,2019-06-06,2.92586446542419
157,2019-06-07,2.962437771241993
158,2019-06-08,2.9583740705955703
159,2019-06-09,2.9543103699491478
160,2019-06-10,2.950246669302725
161,2019-06-11,2.938055567363458
162,2019-06-12,2.962437771241993
163,2019-06-13,2.962437771241993
164,2019-06-14,2.889291159606388
165,2019-06-15,2.92586446542419
166,2019-06-16,2.962437771241993
167,2019-06-17,2.999011077059795
168,2019-06-18,2.97462887318126
169,2019-06-19,2.962437771241993
170,2019-06-20,2.901482261545655
171,2019-06-21,2.7673801402137133
172,2019-06-22,2.783634942799403
173,2019-06-23,2.7998897453850935
174,2019-06-24,2.816144547970783
175,2019-06-25,2.816144547970783
176,2019-06-26,2.8527178537885853
177,2019-06-27,2.8283356499100503
178,2019-06-28,2.950246669302725
179,2019-06-29,2.913673363484923
180,2019-06-30,2.8771000576671204
181,2019-07-01,3.2126732320963347
182,2019-07-02,3.171308340695952
183,2019-07-03,3.1575200435624917
184,2019-07-04,3.1850966378294134
185,2019-07-05,3.2126732320963347
186,2019-07-06,3.240249826363256
187,2019-07-07,3.2678264206301773
188,2019-07-08,3.2954030148970985
189,2019-07-09,3.32297960916402
190,2019-07-10,3.4332859862317053
191,2019-07-11,3.5022274718990083
192,2019-07-12,3.5022274718990083
193,2019-07-13,3.4976313728545216
194,2019-07-14,3.4930352738100345
195,2019-07-15,3.4884391747655474
196,2019-07-16,3.4884391747655474
197,2019-07-17,3.3643445005644015
198,2019-07-18,3.2816147177636377
199,2019-07-19,3.171308340695952
200,2019-07-20,3.1850966378294134
201,2019-07-21,3.1988849349628734
202,2019-07-22,3.2126732320963347
203,2019-07-23,3.226461529229795
204,2019-07-24,3.2126732320963347
205,2019-07-25,3.1161551521621096
206,2019-07-26,3.074790260761728
207,2019-07-27,3.074790260761728
208,2019-07-28,3.074790260761728
209,2019-07-29,3.074790260761728
210,2019-07-30,3.0610019636282675
211,2019-07-31,3.143731746429031
212,2019-08-01,3.3344629282560923
213,2019-08-02,2.9953650033486934
214,2019-08-03,2.948268069333777
215,2019-08-04,2.9011711353188603
216,2019-08-05,2.8540742013039435
217,2019-08-06,3.0377522439621183
218,2019-08-07,3.080139484575543
219,2019-08-08,3.009494083553168
220,2019-08-09,2.952977762735268
221,2019-08-10,3.009494083553168
222,2019-08-11,3.066010404371068
223,2019-08-12,3.122526725188968
224,2019-08-13,3.1649139658023935
225,2019-08-14,3.1366558053934432
226,2019-08-15,3.094268564780018
227,2019-08-16,3.1083976449844934
228,2019-08-17,3.1366558053934432
229,2019-08-18,3.1649139658023926
230,2019-08-19,3.1931721262113424
231,2019-08-20,3.3203338480516176
232,2019-08-21,3.263817527233718
233,2019-08-22,3.2214302866202926
234,2019-08-23,3.0377522439621183
235,2019-08-24,3.075429791174052
236,2019-08-25,3.1131073383859844
237,2019-08-26,3.150784885597918
238,2019-08-27,3.1649139658023935
239,2019-08-28,3.1649139658023935
240,2019-08-29,3.3344629282560923
241,2019-08-30,3.292075687642668
242,2019-08-31,3.3132693079493802
243,2019-09-01,3.137652936839351
244,2019-09-02,3.1575956461836685
245,2019-09-03,3.1775383555279864
246,2019-09-04,3.297194611593894
247,2019-09-05,3.310489751156773
248,2019-09-06,3.310489751156773
249,2019-09-07,3.381397162158792
250,2019-09-08,3.4523045731608106
251,2019-09-09,3.5232119841628298
252,2019-09-10,3.549802263288587
253,2019-09-11,3.496621705037073
254,2019-09-12,3.4833265654741945
255,2019-09-13,3.4700314259113156
256,2019-09-14,3.5320754105380825
257,2019-09-15,3.594119395164849
258,2019-09-16,3.656163379791616
259,2019-09-17,3.589687681977223
260,2019-09-18,3.6162779611029805
261,2019-09-19,3.5232119841628298
262,2019-09-20,3.1110626577135934
263,2019-09-21,3.204128634653743
264,2019-09-22,3.297194611593894
265,2019-09-23,3.3902605885340438
266,2019-09-24,3.3902605885340438
267,2019-09-25,3.3769654489711654
268,2019-09-26,3.416850867659801
269,2019-09-27,3.2041286346537436
270,2019-09-28,3.186401781903239
271,2019-09-29,3.168674929152734
272,2019-09-30,3.150948076402229
273,2019-10-01,3.196090883717543
274,2019-10-02,3.196090883717543
275,2019-10-03,3.128377093808273
276,2019-10-04,3.0471205459171493
277,2019-10-05,3.096777325183947
278,2019-10-06,3.146434104450745
279,2019-10-07,3.196090883717543
280,2019-10-08,3.1012915778445653
281,2019-10-09,3.0606633038990028
282,2019-10-10,3.0606633038990028
283,2019-10-11,2.8846074501349013
284,2019-10-12,2.8846074501349013
285,2019-10-13,2.8846074501349013
286,2019-10-14,2.8846074501349013
287,2019-10-15,3.1012915778445653
288,2019-10-16,3.304432947572375
289,2019-10-17,3.1012915778445653
290,2019-10-18,2.8168936602256314
291,2019-10-19,2.8394649235287215
292,2019-10-20,2.862036186831811
293,2019-10-21,2.8846074501349013
294,2019-10-22,2.9929495139897333
295,2019-10-23,3.1690053677538352
296,2019-10-24,3.1554626097719813
297,2019-10-25,3.0606633038990028
298,2019-10-26,3.164491115093217
299,2019-10-27,3.2683189262874315
300,2019-10-28,3.3721467374816454
301,2019-10-29,3.534659833263893
302,2019-10-30,3.6700874130824332
303,2019-10-31,3.697172929046141
304,2019-11-01,3.2897301098169818
305,2019-11-02,3.3890264254676254
306,2019-11-03,3.488322741118269
307,2019-11-04,3.5876190567689132
308,2019-11-05,3.5876190567689132
309,2019-11-06,3.6523775234975937
310,2019-11-07,3.678280910189066
311,2019-11-08,3.7171359902262746
312,2019-11-09,3.668567140179764
313,2019-11-10,3.6199982901332532
314,2019-11-11,3.5714294400867432
315,2019-11-12,3.5228605900402328
316,2019-11-13,3.4451504299658158
317,2019-11-14,3.471053816657288
318,2019-11-15,3.49695720334876
319,2019-11-16,3.471053816657288
320,2019-11-17,3.4451504299658158
321,2019-11-18,3.419247043274343
322,2019-11-19,3.2767784164712452
323,2019-11-20,3.315633496508454
324,2019-11-21,3.2767784164712452
325,2019-11-22,3.393343656582871
326,2019-11-23,3.3458541143151717
327,2019-11-24,3.298364572047472
328,2019-11-25,3.250875029779773
329,2019-11-26,3.250875029779773
330,2019-11-27,3.1861165630510926
331,2019-11-28,3.1861165630510926
332,2019-11-29,3.1861165630510926
333,2019-11-30,3.112723634091921
334,2019-12-01,4.092068542148081
335,2019-12-02,3.993254387010983
336,2019-12-03,4.219945684090209
337,2019-12-04,4.237383476173227
338,2019-12-05,4.219945684090209
339,2019-12-06,4.028129971177018
340,2019-12-07,3.9467536081229366
341,2019-12-08,3.865377245068856
342,2019-12-09,3.7840008820147744
343,2019-12-10,3.8014386740977923
344,2019-12-11,3.9758165949279656
345,2019-12-12,3.9758165949279656
346,2019-12-13,3.9758165949279656
347,2019-12-14,4.010692179094001
348,2019-12-15,4.045567763260035
349,2019-12-16,4.08044334742607
350,2019-12-17,4.010692179094001
351,2019-12-18,3.9409410107619305
352,2019-12-19,3.853752050346844
353,2019-12-20,3.9583788028449485
354,2019-12-21,3.9002528292348906
355,2019-12-22,3.8421268556248322
356,2019-12-23,3.7840008820147744
357,2019-12-24,3.67937412951667
358,2019-12-25,3.661936337433652
359,2019-12-26,3.644498545350635
360,2019-12-27,3.051613614528044
361,2019-12-28,3.2318041327192235
362,2019-12-29,3.4119946509104038
363,2019-12-30,3.592185169101583
364,2019-12-31,3.644498545350635
